자치구,위도,경도
종로구,37.57579422,126.9714508
종로구,37.57594681,126.9740601
종로구,37.57176971,126.9746628
종로구,37.57255936,126.9783325
종로구,37.56999969,126.9710999
종로구,37.56996918,126.973938
종로구,37.56996155,126.9761581
종로구,37.5797081,126.9808579
종로구,37.57039642,126.9817886
종로구,37.57624054,126.9861603
종로구,37.57335663,126.9874649
종로구,37.57039642,126.9881897
종로구,37.56848526,126.9878845
종로구,37.5705986,126.9917908
종로구,37.57019806,126.9912567
종로구,37.57897949,126.9964752
종로구,37.57095718,126.9971237
종로구,37.57106781,126.9981918
종로구,37.58562851,127.000679
종로구,37.58156967,127.0017853
종로구,37.57978439,127.002533
종로구,37.57561111,127.0046997
종로구,37.57403564,127.0067215
종로구,37.57330704,127.0007095
종로구,37.57202911,126.9607849
종로구,37.57633209,126.9685898
종로구,37.58507919,126.9706192
종로구,37.58341599,126.9852371
종로구,37.57938766,126.9849472
종로구,37.57915497,126.9889603
종로구,37.57650757,127.0024567
종로구,37.57714462,127.0020599
종로구,37.58250046,126.9985352
종로구,37.57606125,126.9976807
종로구,37.57324219,127.0159073
종로구,37.57222366,127.0227051
종로구,37.57559204,127.02285
종로구,37.57933426,127.0150833
종로구,37.57384872,126.9586945
종로구,37.5692482,126.9805374
종로구,37.57549286,126.9785004
종로구,37.56983566,126.9826584
종로구,37.58573532,127.0016098
종로구,37.57014084,127.0093765
종로구,37.56748962,126.9659195
종로구,37.56885529,126.9645615
종로구,37.57048035,126.9966354
종로구,37.60012817,126.9578323
종로구,37.60399246,126.9619446
종로구,37.60871887,126.9728622
종로구,37.58360291,126.9725494
종로구,37.58351517,126.9796677
종로구,37.57123947,127.0044098
종로구,37.57114029,127.0006714
종로구,37.57035828,126.9863815
종로구,37.570961,127.0060577
종로구,37.57447052,127.0198288
종로구,37.57131958,127.0072098
종로구,37.56989288,126.9775696
종로구,37.57436371,126.9723663
종로구,37.60351181,126.9620667
종로구,37.58419037,126.9816971
종로구,37.58760452,126.9835968
종로구,37.60627365,126.9683228
종로구,37.57376099,127.0139389
종로구,37.57660675,127.0055695
종로구,37.5695076,126.9670105
종로구,37.57185364,127.0023575
종로구,37.57455063,126.9705505
종로구,37.57580566,126.9833908
종로구,37.57051086,126.9833679
종로구,37.5724678,126.99189
종로구,37.5707016,126.994812
종로구,37.5703125,126.994545
종로구,37.57320023,126.997963
종로구,37.57117462,127.0022278
종로구,37.57146072,127.010788
종로구,37.5715332,127.0156174
종로구,37.57772446,127.0152512
종로구,37.57998657,127.0150604
종로구,37.58194733,126.9973679
종로구,37.58327484,126.9988556
종로구,37.58385468,127.0018539
종로구,37.58479691,126.9971314
종로구,37.57583618,127.0006943
종로구,37.57529068,126.968956
종로구,37.57501602,126.95755
종로구,37.57666779,126.9558487
종로구,37.59512711,126.9634933
종로구,37.59725952,126.963089
종로구,37.60950089,126.9566803
종로구,37.60760117,126.9576874
종로구,37.56999207,126.9883423
종로구,37.58131409,127.0126801
종로구,37.56855774,126.9921188
종로구,37.5721817,126.9828339
종로구,37.58114624,126.9712372
종로구,37.58983612,126.9993439
종로구,37.57752991,126.9891281
종로구,37.60469818,126.9645157
종로구,37.57528305,126.9906235
종로구,37.56883621,126.9695511
종로구,37.56993103,126.9764328
종로구,37.57571411,126.9805069
중구,37.56805038,126.9692307
중구,37.56887817,126.9774704
중구,37.56863403,126.9823151
중구,37.56622314,126.9835892
중구,37.56546402,126.9841385
중구,37.56447601,126.986969
중구,37.56143188,126.9806976
중구,37.56638336,126.9872055
중구,37.56599045,126.987793
중구,37.56144714,126.9931107
중구,37.56918335,127.0098801
중구,37.56533051,127.007843
중구,37.56322861,126.9748383
중구,37.55887222,127.0055389
중구,37.55429459,127.0112
중구,37.5604744,127.0140762
중구,37.55599976,126.9733582
중구,37.56386566,127.0027466
중구,37.55853271,127.0069885
중구,37.55519867,127.0100479
중구,37.5658493,127.0164032
중구,37.55978012,126.9685059
중구,37.56699371,127.0034637
중구,37.5667305,126.9966049
중구,37.56138992,126.9953537
중구,37.56505203,126.9734039
중구,37.56655884,126.9924393
중구,37.55410767,126.9654083
중구,37.56439972,126.9914322
중구,37.54988861,127.0073471
중구,37.56207275,127.0063171
중구,37.5710144,127.0197449
중구,37.56634521,126.9822922
중구,37.56148911,127.0239334
중구,37.55686188,126.9756165
중구,37.55536652,126.9686432
중구,37.55989075,126.9714966
중구,37.55641556,126.9691925
중구,37.5621109,126.9707184
중구,37.56015396,126.9741058
중구,37.56584167,126.9798126
중구,37.5622139,126.9808655
중구,37.56415939,126.9794846
중구,37.5592308,126.9801407
중구,37.55974579,126.9800034
중구,37.56035995,126.9826508
중구,37.56787109,126.9884033
중구,37.56605148,126.9979858
중구,37.56629944,127.0084915
중구,37.56764984,127.0118103
중구,37.56443024,127.0099564
중구,37.55928802,127.0026856
중구,37.55937576,127.0060272
중구,37.55432129,127.010704
중구,37.56703186,127.0157929
중구,37.54758453,127.0064392
중구,37.55614853,126.9774246
중구,37.55677032,126.9731979
중구,37.55891418,126.964859
중구,37.56284332,126.9726181
중구,37.55664444,126.9736404
중구,37.56474304,126.9909515
중구,37.56693268,126.9825821
중구,37.5683136,127.0094605
중구,37.56024551,126.9687805
중구,37.5670166,126.9768372
중구,37.56253433,126.972496
중구,37.56590271,126.981781
중구,37.56589127,126.9844513
중구,37.56761551,126.9872437
중구,37.56005478,126.9809418
중구,37.55281448,127.0091934
중구,37.56520844,126.9873962
중구,37.56147003,126.9680176
중구,37.56157303,126.9684906
중구,37.56459045,126.9907684
중구,37.56689835,126.9877396
중구,37.56122589,126.9874954
중구,37.5625267,126.9983139
중구,37.56430817,127.0064774
중구,37.55540848,126.9694214
중구,37.5664711,126.9792557
중구,37.56339645,126.9689407
중구,37.57162094,127.0220413
중구,37.55969238,126.9964829
중구,37.55937576,126.9641419
중구,37.56092453,126.9906616
용산구,37.53243256,126.9547424
용산구,37.54115295,127.0022125
용산구,37.53813934,127.004097
용산구,37.53675842,126.9700012
용산구,37.5330658,126.9607315
용산구,37.55227661,126.9726868
용산구,37.520504,126.9897385
용산구,37.53016663,127.0074387
용산구,37.53841019,126.9866486
용산구,37.53507996,126.9853821
용산구,37.53483963,126.9776611
용산구,37.53351212,126.9722748
용산구,37.51850891,126.9787979
용산구,37.53014755,126.968483
용산구,37.53345108,126.9717331
용산구,37.54489517,126.9693832
용산구,37.54165268,126.9705048
용산구,37.54902649,126.9719467
용산구,37.52202606,126.9661865
용산구,37.54232025,126.9619598
용산구,37.52033615,126.9942627
용산구,37.54188538,126.97966
용산구,37.54407883,126.9720001
용산구,37.52293015,126.9616928
용산구,37.53442383,126.9485703
용산구,37.53427887,126.9885635
용산구,37.5212822,126.973465
용산구,37.53900909,126.96138
용산구,37.54198074,126.9715424
용산구,37.53142166,126.9514999
용산구,37.52906036,127.0067291
용산구,37.5444603,126.9723892
용산구,37.5240097,127.0014496
용산구,37.52365112,126.9702683
용산구,37.52960968,126.9688721
용산구,37.53379822,126.9886704
용산구,37.5271492,126.9551621
용산구,37.53269958,126.9643784
용산구,37.54650116,126.9809494
용산구,37.53488922,126.9756241
용산구,37.53607941,126.9734192
용산구,37.53739929,126.9689255
용산구,37.54047775,126.9581146
용산구,37.53452682,126.9471817
용산구,37.52856827,126.9656906
용산구,37.53872681,127.0015488
용산구,37.52272415,126.9727707
용산구,37.53502274,126.9980545
용산구,37.53440857,126.9868927
용산구,37.54188538,126.9958649
용산구,37.52074814,126.9708252
용산구,37.52177048,126.977005
용산구,37.53514099,127.0060043
용산구,37.54079437,126.9978485
용산구,37.551548,126.9768601
용산구,37.51990891,126.9892349
용산구,37.51729584,126.9591446
용산구,37.51731873,126.9582977
용산구,37.54498672,126.9643021
용산구,37.53200531,126.9555588
용산구,37.5332222,126.9572372
용산구,37.51758957,126.9592209
용산구,37.52087784,126.9797134
용산구,37.52145767,126.9776764
용산구,37.52330017,126.9720612
용산구,37.53591919,127.0054169
용산구,37.54143906,127.0037613
용산구,37.53749847,127.0008469
용산구,37.53599548,126.9994888
용산구,37.53030014,126.9913788
용산구,37.53248215,126.964119
용산구,37.52761078,126.9551163
용산구,37.53237915,126.9525299
용산구,37.52301788,126.96241
용산구,37.53528595,126.974083
용산구,37.55240631,126.9820175
용산구,37.5251503,126.9920883
용산구,37.53453064,126.9961929
용산구,37.5393219,126.9731903
용산구,37.53851318,126.9635544
용산구,37.52544022,126.9645996
용산구,37.52529526,126.9958344
용산구,37.52703476,126.9661789
용산구,37.53440094,126.9946671
용산구,37.53786087,126.9656525
용산구,37.52468109,126.9681931
용산구,37.54733658,126.9703827
용산구,37.51794052,126.9837036
용산구,37.53577805,126.9622116
용산구,37.54039001,126.9734955
용산구,37.53930283,126.9705048
성동구,37.55125046,127.0351028
성동구,37.56460953,127.0291977
성동구,37.56626129,127.0236969
성동구,37.54281616,127.0420837
성동구,37.54608917,127.0250702
성동구,37.56179047,127.0243912
성동구,37.56014633,127.0263596
성동구,37.55477905,127.0248413
성동구,37.56068039,127.0267792
성동구,37.55089188,127.0447617
성동구,37.54906082,127.0577927
성동구,37.54516602,127.0575104
성동구,37.53965378,127.0525894
성동구,37.54122162,127.0438004
성동구,37.54458237,127.0446091
성동구,37.5485611,127.0450058
성동구,37.54630661,127.0498047
성동구,37.54257965,127.0633087
성동구,37.57152557,127.0353546
성동구,37.56699371,127.0299149
성동구,37.56385803,127.0303192
성동구,37.56144714,127.0349197
성동구,37.5486412,127.0164261
성동구,37.54366302,127.014061
성동구,37.55220032,127.0250549
성동구,37.55805206,127.0403519
성동구,37.56351089,127.0567246
성동구,37.56137085,127.0636597
성동구,37.56874847,127.0304031
성동구,37.54814911,127.0210877
성동구,37.54863358,127.0257263
성동구,37.5539856,127.0335922
성동구,37.55735016,127.029213
성동구,37.56035614,127.0413971
성동구,37.56764984,127.0511551
성동구,37.57164001,127.0356598
성동구,37.54205322,127.020401
성동구,37.56764221,127.0256958
성동구,37.56460571,127.0365219
성동구,37.56109619,127.0367966
성동구,37.55120468,127.0689316
성동구,37.54281616,127.0446701
성동구,37.55924606,127.07341
성동구,37.5479126,127.0627518
성동구,37.54792786,127.0155716
성동구,37.54136658,127.0177612
성동구,37.54459,127.0570831
성동구,37.57110214,127.0235596
성동구,37.54958344,127.0302429
성동구,37.54829025,127.0624619
성동구,37.56520462,127.0418472
성동구,37.54317856,127.0490799
성동구,37.56797028,127.0468903
성동구,37.53680801,127.0554886
성동구,37.56594086,127.0453949
성동구,37.54541779,127.0526428
성동구,37.54415894,127.0566559
성동구,37.55836487,127.0569077
성동구,37.55453873,127.0437775
성동구,37.55657959,127.0433579
성동구,37.56438065,127.0288696
성동구,37.54695892,127.0476685
성동구,37.55514145,127.071106
성동구,37.54404068,127.023201
성동구,37.55979919,127.0563278
성동구,37.54195786,127.0427704
성동구,37.565979,127.0431137
성동구,37.56681824,127.0291519
성동구,37.55610657,127.019783
성동구,37.55653,127.0391312
성동구,37.56339645,127.0418701
성동구,37.54590988,127.0446014
성동구,37.56370926,127.0564499
성동구,37.55926895,127.0383987
성동구,37.56119156,127.0496826
성동구,37.54655838,127.0499878
성동구,37.54824448,127.0595779
성동구,37.5540123,127.0415497
성동구,37.55507278,127.0198898
성동구,37.55862045,127.0343552
성동구,37.55141449,127.044754
성동구,37.54127502,127.0484924
성동구,37.54332352,127.0597153
성동구,37.55140305,127.0463638
성동구,37.54753494,127.0668259
성동구,37.54808044,127.0646133
성동구,37.56168747,127.0615158
성동구,37.546978,127.0579681
성동구,37.54555893,127.0533676
성동구,37.54644394,127.0533218
광진구,37.55758667,127.0796967
광진구,37.53950119,127.0830002
광진구,37.56565857,127.0842972
광진구,37.55048752,127.1089554
광진구,37.53805161,127.0765991
광진구,37.5352211,127.0683975
광진구,37.53701401,127.0610962
광진구,37.54595184,127.0780029
광진구,37.54822159,127.0678787
광진구,37.55341721,127.0731964
광진구,37.56864929,127.0862503
광진구,37.54370499,127.0932465
광진구,37.5625267,127.0822754
광진구,37.55686188,127.0791397
광진구,37.54251862,127.0840836
광진구,37.54342651,127.0966187
광진구,37.54171753,127.0801697
광진구,37.55023575,127.073822
광진구,37.55059814,127.1105118
광진구,37.54978943,127.0759277
광진구,37.53913879,127.0706177
광진구,37.54013824,127.0692825
광진구,37.53181076,127.0807419
광진구,37.54848862,127.0937576
광진구,37.54124832,127.06604
광진구,37.5450058,127.0900345
광진구,37.54706955,127.0742722
광진구,37.53730774,127.0703506
광진구,37.53186035,127.0671921
광진구,37.53701019,127.0822449
광진구,37.53023529,127.0868301
광진구,37.54840469,127.0693665
광진구,37.55979538,127.0742035
광진구,37.55603027,127.0786438
광진구,37.53546524,127.0944824
광진구,37.53596878,127.0946732
광진구,37.54072952,127.1029053
광진구,37.53247833,127.0850906
광진구,37.5297699,127.0748596
광진구,37.55122375,127.0897064
광진구,37.54006195,127.0944977
광진구,37.53657913,127.0929718
광진구,37.57125473,127.0798035
광진구,37.53784943,127.0921707
광진구,37.55039597,127.0758591
광진구,37.54523087,127.0847321
광진구,37.55184937,127.0889816
광진구,37.56429291,127.0869369
광진구,37.54483032,127.1042633
광진구,37.54654694,127.1061325
광진구,37.54782867,127.0726318
광진구,37.53268814,127.0674973
광진구,37.53989029,127.0733643
광진구,37.54277802,127.0753708
광진구,37.54191208,127.0776367
광진구,37.52858734,127.0778732
광진구,37.55137253,127.07444
광진구,37.53680038,127.0908356
광진구,37.54707336,127.0982895
광진구,37.53507233,127.0761108
광진구,37.53956604,127.0724411
광진구,37.53809738,127.0890198
광진구,37.54434967,127.0654068
광진구,37.5513382,127.0767136
광진구,37.53657532,127.0825806
광진구,37.55500793,127.0858154
광진구,37.54788971,127.0674515
광진구,37.54747009,127.073967
광진구,37.54798889,127.0695038
광진구,37.55771255,127.0772705
광진구,37.54246521,127.0942307
광진구,37.55237198,127.0735397
광진구,37.54764938,127.074707
광진구,37.5465126,127.0757141
광진구,37.55775452,127.0729752
광진구,37.5450058,127.083374
광진구,37.53520966,127.0690002
광진구,37.52916336,127.0779877
광진구,37.53470993,127.0844727
광진구,37.54983902,127.1030273
광진구,37.56628036,127.0774765
광진구,37.53298569,127.0757904
광진구,37.54896927,127.0935288
광진구,37.52879333,127.0846329
광진구,37.5391922,127.0980148
광진구,37.55681229,127.0810776
동대문구,37.58991241,127.0686798
동대문구,37.57594681,127.0373612
동대문구,37.57217407,127.0713882
동대문구,37.57419968,127.0264969
동대문구,37.58462524,127.0702896
동대문구,37.60271072,127.0678635
동대문구,37.58131027,127.0553436
동대문구,37.58774567,127.037384
동대문구,37.57308578,127.0521622
동대문구,37.57366562,127.0308151
동대문구,37.57527161,127.023468
동대문구,37.57768631,127.0310135
동대문구,37.57638168,127.0351105
동대문구,37.58256149,127.0543671
동대문구,37.57420349,127.0576935
동대문구,37.57489014,127.0535355
동대문구,37.57779312,127.0578308
동대문구,37.58369827,127.0538559
동대문구,37.57418823,127.0458908
동대문구,37.56115341,127.0709686
동대문구,37.57863235,127.071907
동대문구,37.58681488,127.067543
동대문구,37.57485199,127.0403061
동대문구,37.5681839,127.0512772
동대문구,37.58040619,127.0448227
동대문구,37.59601974,127.0598297
동대문구,37.58751678,127.0527725
동대문구,37.59090042,127.0425873
동대문구,37.59161377,127.0457916
동대문구,37.58300781,127.0609741
동대문구,37.58519745,127.0609512
동대문구,37.58255005,127.0446014
동대문구,37.57375336,127.0385361
동대문구,37.57035446,127.0484314
동대문구,37.56697083,127.074295
동대문구,37.56196594,127.0645065
동대문구,37.60279846,127.0672684
동대문구,37.56669998,127.0624237
동대문구,37.59153366,127.0677414
동대문구,37.57653046,127.0659409
동대문구,37.57762146,127.0521088
동대문구,37.58723831,127.0431366
동대문구,37.57551956,127.0487747
동대문구,37.57835007,127.0333862
동대문구,37.57799911,127.0376282
동대문구,37.59460068,127.0519714
동대문구,37.59489059,127.0630264
동대문구,37.58412933,127.0579376
동대문구,37.59960556,127.0686417
동대문구,37.60362244,127.0708313
동대문구,37.58659363,127.0469971
동대문구,37.56799698,127.068779
동대문구,37.57214737,127.0446091
동대문구,37.58968735,127.061409
동대문구,37.57734299,127.0233765
동대문구,37.57875061,127.024025
동대문구,37.58407974,127.0310364
동대문구,37.58655167,127.0331421
동대문구,37.58143234,127.0354767
동대문구,37.5801506,127.0457993
동대문구,37.57655716,127.0743103
동대문구,37.57787704,127.0616837
동대문구,37.59238434,127.0574112
동대문구,37.5798378,127.0563736
동대문구,37.59286499,127.0655594
동대문구,37.59383774,127.0678177
동대문구,37.59436417,127.0645981
동대문구,37.56324005,127.057991
동대문구,37.57739639,127.0718536
동대문구,37.5676918,127.0578919
동대문구,37.57958603,127.0302429
동대문구,37.59139633,127.0402985
동대문구,37.58392334,127.0682755
동대문구,37.60460281,127.066925
동대문구,37.59087372,127.065361
동대문구,37.57130051,127.0336227
동대문구,37.57014847,127.0299225
동대문구,37.57846832,127.0668945
동대문구,37.58945084,127.0595627
동대문구,37.58265686,127.0319672
동대문구,37.57817078,127.0317001
중랑구,37.61473846,127.0763626
중랑구,37.60007095,127.1023331
중랑구,37.59424973,127.0765762
중랑구,37.59529877,127.0800324
중랑구,37.59909821,127.0929489
중랑구,37.60625076,127.1082687
중랑구,37.61151123,127.0778885
중랑구,37.61072159,127.0774765
중랑구,37.57778168,127.0901871
중랑구,37.59254074,127.0867386
중랑구,37.61756134,127.0903091
중랑구,37.58098984,127.0882416
중랑구,37.59521866,127.0859985
중랑구,37.61743927,127.1090164
중랑구,37.61394501,127.097702
중랑구,37.61246109,127.1033783
중랑구,37.62009811,127.1064606
중랑구,37.6063118,127.1077423
중랑구,37.58745956,127.0959702
중랑구,37.57358932,127.0868225
중랑구,37.57429886,127.0869141
중랑구,37.61602402,127.085968
중랑구,37.59995651,127.0800018
중랑구,37.60615158,127.092598
중랑구,37.60649872,127.0954514
중랑구,37.60207748,127.0795822
중랑구,37.60868073,127.1007919
중랑구,37.60810089,127.101181
중랑구,37.5834198,127.0799255
중랑구,37.61616898,127.093483
중랑구,37.58637238,127.0800705
중랑구,37.61670685,127.11026
중랑구,37.59859085,127.0798187
중랑구,37.57402802,127.0805435
중랑구,37.5799408,127.0793991
중랑구,37.59130096,127.0803299
중랑구,37.58890152,127.0872803
중랑구,37.59732056,127.089798
중랑구,37.59655762,127.0858383
중랑구,37.61963654,127.0850449
중랑구,37.59275818,127.07267
중랑구,37.58565521,127.0750504
중랑구,37.60460281,127.1092529
중랑구,37.6073494,127.0785904
중랑구,37.59632874,127.0858994
중랑구,37.59511185,127.1003265
중랑구,37.58975983,127.0932388
중랑구,37.59733963,127.0930862
중랑구,37.58034897,127.0926514
중랑구,37.593853,127.0750732
중랑구,37.59386826,127.0765228
중랑구,37.57407761,127.0850067
중랑구,37.60305405,127.0790024
중랑구,37.61314774,127.1051483
중랑구,37.61882401,127.0875702
중랑구,37.61362076,127.1011505
중랑구,37.6114769,127.0773926
중랑구,37.60982132,127.0781326
중랑구,37.60520172,127.0785828
중랑구,37.61535263,127.0784912
중랑구,37.60408401,127.0792313
중랑구,37.59489059,127.0749512
중랑구,37.59581375,127.08284
중랑구,37.57598495,127.0796051
중랑구,37.59832764,127.0922699
중랑구,37.58105469,127.0820923
중랑구,37.58111191,127.080101
중랑구,37.61571121,127.1010437
중랑구,37.59268951,127.0802841
중랑구,37.59596252,127.0847778
중랑구,37.59432602,127.0784607
중랑구,37.60641098,127.0940476
중랑구,37.61022568,127.096283
중랑구,37.58032227,127.0941544
중랑구,37.6132164,127.0773468
중랑구,37.59877777,127.0963898
중랑구,37.61755371,127.1039963
중랑구,37.58333206,127.0835495
중랑구,37.60025406,127.091713
중랑구,37.59780884,127.0884476
중랑구,37.6030426,127.100502
중랑구,37.60428619,127.0973663
중랑구,37.60446167,127.0974121
중랑구,37.59354401,127.0897903
중랑구,37.57984543,127.0824204
중랑구,37.6127243,127.11306
중랑구,37.58686447,127.0953217
중랑구,37.60064316,127.1040497
중랑구,37.60655212,127.1070862
중랑구,37.60924149,127.1062088
중랑구,37.58973694,127.0941925
중랑구,37.60405731,127.107254
중랑구,37.61727142,127.1085434
중랑구,37.60318375,127.0741348
성북구,37.58876419,127.0063095
성북구,37.59169388,127.012497
성북구,37.59440231,126.9923096
성북구,37.58932877,127.0164337
성북구,37.58844757,127.0067062
성북구,37.58259201,127.0289764
성북구,37.60243988,127.0116882
성북구,37.60776138,127.0032806
성북구,37.60726166,127.0028381
성북구,37.60308456,127.0247879
성북구,37.6030426,127.0332718
성북구,37.59328842,127.0366669
성북구,37.59806824,127.0392761
성북구,37.60043335,127.0402069
성북구,37.60580826,127.0477371
성북구,37.60606766,127.0473175
성북구,37.60734177,127.0506821
성북구,37.6026268,127.0416336
성북구,37.61355591,127.0660934
성북구,37.61052322,127.0597992
성북구,37.61299896,127.0613098
성북구,37.59125137,127.0140076
성북구,37.59038162,127.0171356
성북구,37.5868988,127.020752
성북구,37.610569,127.0335083
성북구,37.61784363,127.0550003
성북구,37.59261703,126.9979324
성북구,37.58924866,127.0073776
성북구,37.60028839,127.0137024
성북구,37.60897827,127.0202484
성북구,37.60710526,127.0214996
성북구,37.60475159,127.0227585
성북구,37.62382889,127.0502014
성북구,37.5794487,127.0241928
성북구,37.58388138,127.0170975
성북구,37.60083008,127.0235519
성북구,37.5907135,127.0361939
성북구,37.58869934,127.0189133
성북구,37.61207199,127.0081329
성북구,37.60478973,127.010582
성북구,37.61980057,127.0450974
성북구,37.60309601,127.013504
성북구,37.59296799,127.0022354
성북구,37.58519745,127.0196686
성북구,37.58375168,127.0219498
성북구,37.59017181,127.0040894
성북구,37.5933609,126.9990921
성북구,37.59972,127.0403824
성북구,37.60404587,127.0226593
성북구,37.59148026,127.0201034
성북구,37.59453964,126.9952087
성북구,37.58644485,127.031601
성북구,37.60229111,127.0389786
성북구,37.60390854,127.0373764
성북구,37.59732056,127.043808
성북구,37.60395813,127.0453415
성북구,37.60935974,127.0181732
성북구,37.60108566,127.0412369
성북구,37.61478424,127.0670013
성북구,37.60866547,127.0362701
성북구,37.59282684,127.0162888
성북구,37.59236526,127.0162888
성북구,37.59415817,127.0189667
성북구,37.59088135,127.0117035
성북구,37.60646057,127.0616226
성북구,37.61701202,127.0561676
성북구,37.5970993,127.0226288
성북구,37.59802628,127.0214081
성북구,37.60241699,127.0197144
성북구,37.61817932,127.0518341
성북구,37.61844254,127.0514526
성북구,37.61745453,127.0484467
성북구,37.61131287,127.0575943
성북구,37.60623932,127.0346603
성북구,37.58625031,127.0309525
성북구,37.61207962,127.0219803
성북구,37.61566925,127.0087662
성북구,37.60108948,127.0333176
성북구,37.60665131,127.0561829
성북구,37.60289764,127.0584793
성북구,37.60668945,127.0258942
강북구,37.62607956,127.0264816
강북구,37.63926315,127.0267258
강북구,37.62415695,127.0186234
강북구,37.64032745,127.0133591
강북구,37.63437653,127.0357513
강북구,37.63371658,127.0355148
강북구,37.63112259,127.0360336
강북구,37.64473724,127.0265656
강북구,37.63967133,127.0251999
강북구,37.63880539,127.0283585
강북구,37.61828613,127.0240479
강북구,37.63858795,127.0159073
강북구,37.64308548,127.0161667
강북구,37.64545059,127.0156174
강북구,37.63986206,127.022789
강북구,37.62714005,127.0266953
강북구,37.64173889,127.0246277
강북구,37.62733459,127.0260544
강북구,37.61503601,127.0206986
강북구,37.63018036,127.02491
강북구,37.64355087,127.0223465
강북구,37.61395645,127.0302506
강북구,37.62635422,127.0474472
강북구,37.62991714,127.0409164
강북구,37.6362915,127.0233765
강북구,37.63626099,127.0321732
강북구,37.66366577,127.0124283
강북구,37.65615845,127.0131378
강북구,37.64967346,127.0134506
강북구,37.64167023,127.0168839
강북구,37.62652969,127.0180588
강북구,37.62155151,127.0203705
강북구,37.63018799,127.0177383
강북구,37.61545944,127.0297012
강북구,37.6186409,127.0362396
강북구,37.62268829,127.0378113
강북구,37.61522293,127.0185089
강북구,37.64686203,127.0088119
강북구,37.63920212,127.0272369
강북구,37.63520432,127.0339661
강북구,37.63539124,127.0345535
강북구,37.63238144,127.0393066
강북구,37.62552643,127.037323
강북구,37.6198082,127.0285263
강북구,37.64959717,127.0138474
강북구,37.63561249,127.022995
강북구,37.64793396,127.0145721
강북구,37.63796997,127.0259018
강북구,37.62673187,127.0387726
강북구,37.66446304,127.0118408
강북구,37.61666489,127.02211
강북구,37.61669922,127.0304947
강북구,37.61708832,127.0280991
강북구,37.63713455,127.0313797
강북구,37.6242218,127.0492172
강북구,37.61220932,127.0249786
강북구,37.628685,127.0439072
강북구,37.63536072,127.037674
강북구,37.62491226,127.0197907
강북구,37.62302017,127.0218658
도봉구,37.64582062,127.0504227
도봉구,37.68972015,127.0451965
도봉구,37.66922379,127.0465164
도봉구,37.66566467,127.0426712
도봉구,37.65446091,127.0385132
도봉구,37.65682983,127.0398483
도봉구,37.65012741,127.035347
도봉구,37.65165329,127.0284882
도봉구,37.64463043,127.0446091
도봉구,37.65317917,127.0127869
도봉구,37.65420151,127.0507278
도봉구,37.65570831,127.0501022
도봉구,37.67328262,127.0439911
도봉구,37.66867065,127.0479813
도봉구,37.65301514,127.0469971
도봉구,37.65779877,127.0500488
도봉구,37.66207886,127.0277176
도봉구,37.6475029,127.0433121
도봉구,37.65858841,127.0352097
도봉구,37.67867661,127.0407639
도봉구,37.67771912,127.046814
도봉구,37.68400955,127.0457916
도봉구,37.68759155,127.0455017
도봉구,37.6876297,127.0422134
도봉구,37.66759872,127.0429993
도봉구,37.66297913,127.0419388
도봉구,37.65814972,127.0326691
도봉구,37.67911911,127.0449829
도봉구,37.65224075,127.0370636
도봉구,37.63970184,127.0388336
도봉구,37.6463089,127.052742
도봉구,37.64519882,127.0329819
도봉구,37.64889145,127.0230179
도봉구,37.65039062,127.0521927
도봉구,37.66480255,127.0430298
도봉구,37.66659546,127.0433655
도봉구,37.66898346,127.0437622
도봉구,37.66627121,127.04599
도봉구,37.68826675,127.0488968
도봉구,37.6521225,127.0417023
도봉구,37.64548111,127.0485764
도봉구,37.64689636,127.033432
도봉구,37.6514473,127.0447083
도봉구,37.65568542,127.013382
도봉구,37.65727997,127.0137558
도봉구,37.67721939,127.0486374
도봉구,37.66562271,127.0310898
도봉구,37.65533829,127.0424194
도봉구,37.64966965,127.035614
도봉구,37.66250992,127.0332794
도봉구,37.66205215,127.0287552
도봉구,37.68473816,127.0500412
도봉구,37.65796661,127.0300903
도봉구,37.65805054,127.035759
도봉구,37.65134811,127.034729
도봉구,37.65128708,127.0455475
도봉구,37.64601898,127.0352707
도봉구,37.69101334,127.0491638
도봉구,37.66252136,127.0427094
도봉구,37.64051056,127.0408249
도봉구,37.65373611,127.0492935
도봉구,37.66927338,127.0324326
도봉구,37.63342667,127.0411606
도봉구,37.65999603,127.0512772
도봉구,37.67984772,127.0503845
도봉구,37.65854645,127.0276794
도봉구,37.65250778,127.0522766
도봉구,37.65898895,127.049736
도봉구,37.68125534,127.0504761
도봉구,37.6529541,127.0375443
도봉구,37.6432457,127.031601
도봉구,37.68750763,127.0426331
도봉구,37.66299057,127.0386429
도봉구,37.64564514,127.054596
도봉구,37.66922379,127.0444183
도봉구,37.65265656,127.053093
도봉구,37.65703964,127.0499115
노원구,37.61495972,127.0646973
노원구,37.62266159,127.0618973
노원구,37.63162231,127.061615
노원구,37.61917114,127.0749283
노원구,37.62661362,127.0727539
노원구,37.62036896,127.0836411
노원구,37.62994003,127.0765533
노원구,37.63510895,127.0683289
노원구,37.63714981,127.0632706
노원구,37.64902115,127.0764084
노원구,37.64820862,127.070221
노원구,37.65999985,127.0729675
노원구,37.67694092,127.0550995
노원구,37.67361832,127.0552521
노원구,37.67625046,127.0555038
노원구,37.66846085,127.0771484
노원구,37.67271042,127.0831604
노원구,37.64921188,127.0617676
노원구,37.65470123,127.0634003
노원구,37.68031311,127.055069
노원구,37.62386322,127.0684891
노원구,37.62155533,127.0695114
노원구,37.62531662,127.0881348
노원구,37.61736679,127.0752106
노원구,37.63848877,127.1079025
노원구,37.63957977,127.0651016
노원구,37.67237473,127.0559921
노원구,37.68000031,127.0555801
노원구,37.65620041,127.0636215
노원구,37.66379166,127.0754471
노원구,37.63111115,127.0701599
노원구,37.65501785,127.0675049
노원구,37.65404892,127.0573273
노원구,37.65032959,127.0716019
노원구,37.64207077,127.076622
노원구,37.64963913,127.0656052
노원구,37.65421677,127.0592117
노원구,37.61938095,127.0578537
노원구,37.64936066,127.0704422
노원구,37.64733505,127.0764237
노원구,37.65578079,127.0717773
노원구,37.65449905,127.0743866
노원구,37.64550781,127.0632553
노원구,37.64352798,127.0652237
노원구,37.64340973,127.0718384
노원구,37.62934875,127.0548248
노원구,37.68859863,127.0534058
노원구,37.65354919,127.0580826
노원구,37.62694168,127.05513
노원구,37.62316513,127.0904999
노원구,37.6484375,127.0644455
노원구,37.6428299,127.1066666
노원구,37.64265442,127.1083832
노원구,37.64580154,127.0822601
노원구,37.65745544,127.0755463
노원구,37.65045929,127.0808868
노원구,37.61832047,127.0756302
노원구,37.64818954,127.0804825
노원구,37.66114044,127.0580521
노원구,37.66566086,127.0572968
노원구,37.66524887,127.0578919
노원구,37.6577301,127.0593109
노원구,37.66070938,127.0653305
노원구,37.66418839,127.0660095
노원구,37.62818909,127.0821075
노원구,37.68645096,127.0528336
노원구,37.65024948,127.0571518
노원구,37.62981415,127.0665054
노원구,37.62862015,127.0669098
노원구,37.63372803,127.0443649
노원구,37.65050507,127.0739822
노원구,37.63074875,127.0531082
노원구,37.62000275,127.0585632
노원구,37.61545944,127.0674515
노원구,37.6220932,127.0744247
노원구,37.6588707,127.0719147
노원구,37.63815689,127.0732651
노원구,37.666996,127.0515289
노원구,37.62950897,127.0810394
노원구,37.63489914,127.0776749
노원구,37.62807083,127.0469208
노원구,37.63999557,127.0665741
노원구,37.65103531,127.0687103
노원구,37.64548874,127.0645828
노원구,37.66963577,127.0597076
노원구,37.65680313,127.0665741
노원구,37.66260529,127.0755768
노원구,37.65955734,127.0752564
노원구,37.63666916,127.0696945
노원구,37.63214493,127.0698242
노원구,37.63284302,127.0521317
노원구,37.62917328,127.0569305
노원구,37.64584351,127.070755
노원구,37.67030334,127.0788422
노원구,37.64530945,127.0574417
노원구,37.63459396,127.052063
노원구,37.66782761,127.056839
노원구,37.66214371,127.058197
노원구,37.65116119,127.0765915
노원구,37.64426041,127.083313
노원구,37.63441086,127.0588684
노원구,37.62045288,127.054451
노원구,37.62533569,127.0701904
노원구,37.64795303,127.0579376
노원구,37.62741089,127.0621414
노원구,37.65351868,127.0713043
노원구,37.6396637,127.0604172
노원구,37.65153503,127.0732727
노원구,37.65149689,127.0770416
노원구,37.64292908,127.0519486
노원구,37.67099762,127.0501785
노원구,37.674366,127.0594711
노원구,37.63793945,127.0671539
노원구,37.65408325,127.0719528
노원구,37.64304352,127.0621338
노원구,37.61965561,127.0814667
노원구,37.62500381,127.0730133
노원구,37.67851257,127.0517426
노원구,37.66674042,127.0638886
노원구,37.62812042,127.0854874
노원구,37.63000488,127.0440979
노원구,37.64805984,127.0623932
노원구,37.64255524,127.0603867
노원구,37.62786102,127.0763779
노원구,37.62514877,127.0499344
노원구,37.64862823,127.0691834
노원구,37.66767883,127.068367
노원구,37.65229416,127.061348
노원구,37.61985016,127.0631027
노원구,37.65694046,127.0780487
노원구,37.67073822,127.0796204
노원구,37.62780762,127.0696182
노원구,37.65868759,127.0775909
노원구,37.63645935,127.0727692
노원구,37.63573456,127.1058502
은평구,37.60394287,126.9276962
은평구,37.64310837,126.9182205
은평구,37.64586639,126.9273911
은평구,37.64867401,126.9307022
은평구,37.63623428,126.9189987
은평구,37.61721039,126.9195786
은평구,37.59949112,126.9168625
은평구,37.61318588,126.9173508
은평구,37.58699417,126.9228821
은평구,37.60558319,126.9229355
은평구,37.58966064,126.9169464
은평구,37.60070038,126.9201279
은평구,37.59079742,126.9136505
은평구,37.5843811,126.9098969
은평구,37.60784912,126.9213257
은평구,37.60078049,126.9352112
은평구,37.60702515,126.9333115
은평구,37.63001633,126.9190292
은평구,37.61780167,126.9219665
은평구,37.62094879,126.9256363
은평구,37.62851715,126.9295807
은평구,37.60956573,126.9309769
은평구,37.61785507,126.9225235
은평구,37.64131546,126.9380417
은평구,37.60166168,126.9203033
은평구,37.60473633,126.9153366
은평구,37.61000443,126.9163971
은평구,37.61248398,126.9148788
은평구,37.59714127,126.9095993
은평구,37.64585114,126.9237976
은평구,37.64468384,126.918457
은평구,37.60169983,126.9274216
은평구,37.63722229,126.9333038
은평구,37.64408112,126.9292831
은평구,37.60240173,126.9286499
은평구,37.63414001,126.9323425
은평구,37.61843872,126.9328842
은평구,37.62266922,126.9199905
은평구,37.57720184,126.9023514
은평구,37.61978149,126.9208069
은평구,37.60980225,126.9167938
은평구,37.62265015,126.9252472
은평구,37.6257782,126.9288177
은평구,37.64260864,126.9214783
은평구,37.59441376,126.9180145
은평구,37.60036087,126.9228134
은평구,37.6436615,126.9145584
은평구,37.63825226,126.9194565
은평구,37.61096954,126.9298096
은평구,37.63925934,126.9189072
은평구,37.61442947,126.932579
은평구,37.61654282,126.9251251
은평구,37.59347916,126.9231873
은평구,37.60903168,126.9346771
은평구,37.60890961,126.9324188
은평구,37.64208984,126.9294128
은평구,37.64339447,126.9321365
은평구,37.60232925,126.9065476
은평구,37.58216095,126.894928
은평구,37.63734818,126.9358444
은평구,37.62672043,126.9290161
은평구,37.59036255,126.9230118
은평구,37.64350891,126.9241028
은평구,37.63310242,126.9315033
은평구,37.60100937,126.9359283
은평구,37.59186172,126.9060822
은평구,37.60412598,126.925087
은평구,37.59580994,126.9102631
은평구,37.60119247,126.926384
은평구,37.59181213,126.9148331
은평구,37.6567688,126.942009
은평구,37.65842819,126.9460602
은평구,37.63028717,126.9195633
은평구,37.61050797,126.9385376
은평구,37.63140869,126.9254074
은평구,37.59996796,126.9157257
은평구,37.60049438,126.9221573
은평구,37.60176849,126.9354248
은평구,37.59750366,126.9199982
은평구,37.61326218,126.9278641
은평구,37.59967041,126.91716
은평구,37.62962723,126.9301148
은평구,37.63390732,126.931778
은평구,37.62087631,126.9197998
은평구,37.62205124,126.9195862
은평구,37.59931564,126.9075928
은평구,37.60034561,126.9314804
은평구,37.61156845,126.9304886
은평구,37.62360764,126.9168854
은평구,37.59612656,126.9196243
은평구,37.59954453,126.9265366
은평구,37.62794495,126.9197693
은평구,37.63470078,126.9173584
은평구,37.59586716,126.9234924
은평구,37.57890701,126.9012985
은평구,37.63406754,126.9253921
은평구,37.60354233,126.906723
은평구,37.61705017,126.9065857
서대문구,37.55893326,126.9271164
서대문구,37.59115982,126.94133
서대문구,37.59432983,126.9473877
서대문구,37.55549622,126.9363403
서대문구,37.5841713,126.9111023
서대문구,37.58203125,126.9089966
서대문구,37.55789185,126.9380798
서대문구,37.55922699,126.9398422
서대문구,37.55681229,126.9431839
서대문구,37.5591774,126.9345245
서대문구,37.55986404,126.9344177
서대문구,37.560009,126.9407349
서대문구,37.56238174,126.9326477
서대문구,37.55695343,126.9463425
서대문구,37.55754852,126.9593811
서대문구,37.58224487,126.9506455
서대문구,37.56526947,126.9462433
서대문구,37.58369827,126.9249649
서대문구,37.57447815,126.9100494
서대문구,37.57513809,126.9139404
서대문구,37.57381821,126.9192352
서대문구,37.57946014,126.9171295
서대문구,37.57300186,126.9077988
서대문구,37.57311249,126.9224472
서대문구,37.56472397,126.9672775
서대문구,37.56477737,126.9661484
서대문구,37.57806778,126.9308853
서대문구,37.58109665,126.9240265
서대문구,37.57767487,126.9098053
서대문구,37.57987595,126.9063492
서대문구,37.56912231,126.9147949
서대문구,37.55996704,126.9624634
서대문구,37.58638763,126.9351273
서대문구,37.57889175,126.9107361
서대문구,37.57222748,126.9230652
서대문구,37.57731628,126.9029694
서대문구,37.56765747,126.9178085
서대문구,37.56612015,126.9258957
서대문구,37.5621376,126.9637756
서대문구,37.55739594,126.9521637
서대문구,37.57838058,126.9360962
서대문구,37.56799698,126.9316559
서대문구,37.58670044,126.9467697
서대문구,37.55812836,126.9562073
서대문구,37.5971489,126.93853
서대문구,37.56962967,126.9333115
서대문구,37.59293365,126.9412918
서대문구,37.58928299,126.9369431
서대문구,37.58221054,126.9501648
서대문구,37.57220459,126.9597473
서대문구,37.56046295,126.9655228
서대문구,37.56145477,126.9557495
서대문구,37.55550385,126.9372025
서대문구,37.56406784,126.9453278
서대문구,37.56519699,126.9298554
서대문구,37.56983566,126.9180908
서대문구,37.57065201,126.9129868
서대문구,37.5742836,126.9064636
서대문구,37.5723877,126.9151077
서대문구,37.57564163,126.9278259
서대문구,37.58334351,126.9227448
서대문구,37.58333588,126.9362869
서대문구,37.5813179,126.935997
서대문구,37.57626343,126.9113236
서대문구,37.57456207,126.9179916
서대문구,37.57215881,126.9211883
서대문구,37.59186172,126.9442139
서대문구,37.55711365,126.9488144
서대문구,37.56131744,126.9665833
서대문구,37.60169601,126.9491653
서대문구,37.57515717,126.91745
서대문구,37.57540131,126.9354401
서대문구,37.57675552,126.9282761
서대문구,37.57987976,126.952301
서대문구,37.56184769,126.9641495
서대문구,37.56599045,126.9660721
서대문구,37.56355667,126.9282761
서대문구,37.57913971,126.9345093
서대문구,37.55942535,126.9630585
서대문구,37.57601929,126.9268341
서대문구,37.57716751,126.9290619
서대문구,37.55687714,126.9360352
마포구,37.5556488,126.9106293
마포구,37.55495071,126.9108353
마포구,37.55062866,126.9149857
마포구,37.55000687,126.9148254
마포구,37.54864502,126.9128265
마포구,37.55751038,126.9185028
마포구,37.55274582,126.9186173
마포구,37.54769135,126.9199829
마포구,37.54787064,126.9235306
마포구,37.54920197,126.9232025
마포구,37.5574379,126.9238205
마포구,37.55706024,126.9244232
마포구,37.54773331,126.9317627
마포구,37.54528427,126.9310532
마포구,37.54524231,126.9341125
마포구,37.54976654,126.9331741
마포구,37.54745865,126.9383774
마포구,37.55113983,126.9369888
마포구,37.54948425,126.9389496
마포구,37.55041122,126.9438477
마포구,37.5535202,126.9369507
마포구,37.55505371,126.9375687
마포구,37.55485916,126.9361572
마포구,37.55720139,126.9556656
마포구,37.54457855,126.9502182
마포구,37.5435791,126.9513245
마포구,37.54425049,126.9516373
마포구,37.53993607,126.9458237
마포구,37.53927231,126.9459152
마포구,37.54234695,126.9430237
마포구,37.55295563,126.9343414
마포구,37.56469727,126.9126129
마포구,37.56090927,126.9054947
마포구,37.56829453,126.9150467
마포구,37.54933167,126.9549179
마포구,37.5530014,126.9566879
마포구,37.55134201,126.9026718
마포구,37.5513649,126.9030609
마포구,37.56516647,126.9193955
마포구,37.55894852,126.907753
마포구,37.54254532,126.9342957
마포구,37.56396484,126.8982086
마포구,37.56684494,126.8964462
마포구,37.58752441,126.8830032
마포구,37.58618927,126.8816147
마포구,37.58285522,126.8798218
마포구,37.58559036,126.8847275
마포구,37.58265686,126.885788
마포구,37.58111191,126.8808746
마포구,37.58063126,126.8836746
마포구,37.58081055,126.8866501
마포구,37.57939911,126.8891602
마포구,37.57739258,126.8874741
마포구,37.5779953,126.8914719
마포구,37.57580185,126.8907394
마포구,37.57147598,126.8896866
마포구,37.57822037,126.8944702
마포구,37.57746887,126.8973618
마포구,37.57566452,126.8944473
마포구,37.57506943,126.8999176
마포구,37.57072067,126.8989792
마포구,37.56842041,126.8994293
마포구,37.56624603,126.8961792
마포구,37.56574631,126.9018631
마포구,37.56897736,126.8944016
마포구,37.57361984,126.8980484
마포구,37.58450317,126.8855972
마포구,37.54906082,126.9541779
마포구,37.56958389,126.9038162
마포구,37.56333923,126.9082031
마포구,37.55659103,126.9461899
마포구,37.54846954,126.9409256
마포구,37.56472015,126.9067688
마포구,37.57012177,126.8813477
마포구,37.54364014,126.9383087
마포구,37.58456802,126.8802109
마포구,37.58320236,126.8827667
마포구,37.58207703,126.8876648
마포구,37.57597733,126.8880692
마포구,37.57313538,126.9018478
마포구,37.55657578,126.9288559
마포구,37.54724503,126.9350281
마포구,37.54243088,126.9469986
마포구,37.551754,126.9123001
마포구,37.56465149,126.9221268
마포구,37.5650444,126.9036026
마포구,37.54554749,126.9567947
마포구,37.56624603,126.9021835
마포구,37.57948685,126.8873901
마포구,37.58194733,126.8902969
마포구,37.57711411,126.8983612
마포구,37.55583954,126.920433
마포구,37.5582962,126.9253845
마포구,37.55342865,126.9337921
마포구,37.54585266,126.9525986
마포구,37.54737854,126.931633
마포구,37.5573082,126.9188538
마포구,37.5566597,126.9198685
마포구,37.56949234,126.9118424
마포구,37.5483017,126.9167175
마포구,37.58332062,126.8815613
마포구,37.56415558,126.9081497
마포구,37.57730484,126.8901825
마포구,37.5500679,126.9048004
마포구,37.55557632,126.8968887
마포구,37.58119965,126.8895798
마포구,37.54985428,126.9320374
마포구,37.55015945,126.9605255
마포구,37.54568481,126.9467697
마포구,37.57892227,126.882164
마포구,37.55152893,126.9466934
마포구,37.56303787,126.9214325
마포구,37.54891968,126.9595184
마포구,37.57649231,126.898674
마포구,37.56896973,126.9077988
마포구,37.55235291,126.951477
마포구,37.54529572,126.9176483
마포구,37.54758835,126.9246445
마포구,37.55184937,126.9547806
마포구,37.5560112,126.9403458
마포구,37.54161072,126.9537582
마포구,37.55034256,126.9458008
양천구,37.5468483,126.8727722
양천구,37.53280258,126.8639298
양천구,37.53254318,126.8687286
양천구,37.52362823,126.8752441
양천구,37.52325439,126.8649063
양천구,37.5218811,126.8517532
양천구,37.51897049,126.8699646
양천구,37.51158524,126.8415604
양천구,37.50971222,126.8441696
양천구,37.51705933,126.8484879
양천구,37.51699829,126.8383179
양천구,37.53304672,126.8299561
양천구,37.532547,126.8308029
양천구,37.51731873,126.8643189
양천구,37.5303688,126.8642578
양천구,37.5161972,126.8348999
양천구,37.52151108,126.8573837
양천구,37.52916336,126.8727493
양천구,37.51068115,126.857399
양천구,37.52433395,126.8505478
양천구,37.5343895,126.8695984
양천구,37.51037979,126.8667984
양천구,37.5298996,126.8765411
양천구,37.53955078,126.8283005
양천구,37.51409912,126.8310013
양천구,37.51395035,126.8560562
양천구,37.53637695,126.8715134
양천구,37.52219009,126.8367004
양천구,37.52256012,126.8494797
양천구,37.53620148,126.8277969
양천구,37.53636932,126.8317108
양천구,37.53952026,126.8254013
양천구,37.55073166,126.8645782
양천구,37.50889969,126.8426819
양천구,37.54384232,126.8825455
양천구,37.52228165,126.8396988
양천구,37.53650284,126.8777466
양천구,37.53458023,126.8756485
양천구,37.53025055,126.879303
양천구,37.53722763,126.8866119
양천구,37.51215744,126.8356247
양천구,37.54218292,126.8633041
양천구,37.54114151,126.8766785
양천구,37.5378685,126.8814087
양천구,37.52667999,126.8761673
양천구,37.51427841,126.828743
양천구,37.51472092,126.8591995
양천구,37.52407074,126.8386002
양천구,37.50682068,126.8442993
양천구,37.52474213,126.8776627
양천구,37.51065826,126.8591614
양천구,37.53102875,126.8758926
양천구,37.52477646,126.8754807
양천구,37.54394913,126.883461
양천구,37.50574493,126.8363113
양천구,37.53566742,126.8815842
양천구,37.52785492,126.8746719
양천구,37.52571487,126.8648682
양천구,37.52820587,126.870163
양천구,37.54670715,126.8745728
양천구,37.54950714,126.867218
양천구,37.53837585,126.8638306
양천구,37.53874207,126.8856812
양천구,37.53012848,126.8347778
양천구,37.51854324,126.8538818
양천구,37.5173378,126.8776474
양천구,37.51759338,126.8765564
양천구,37.51167297,126.8327408
양천구,37.51732635,126.8663025
양천구,37.52007294,126.8683014
양천구,37.50790405,126.862648
양천구,37.51228714,126.8652802
양천구,37.52760696,126.8487549
양천구,37.52490616,126.8697891
양천구,37.52537155,126.8709259
양천구,37.53302002,126.8778992
양천구,37.51686478,126.8629608
양천구,37.51584244,126.8641129
양천구,37.5146637,126.8719406
양천구,37.51515579,126.8724899
양천구,37.52124786,126.8549576
양천구,37.52109528,126.8732071
양천구,37.52198029,126.8592835
양천구,37.52175903,126.8522873
양천구,37.5140686,126.8699875
양천구,37.52319717,126.8693008
양천구,37.51481247,126.8611755
양천구,37.53528214,126.8300095
양천구,37.52893829,126.8331223
양천구,37.52011108,126.8447494
양천구,37.53924561,126.8237381
양천구,37.52091599,126.8409576
양천구,37.51779556,126.8416138
양천구,37.51351166,126.8268127
양천구,37.53968811,126.8749847
양천구,37.53684616,126.8847504
양천구,37.51292038,126.8667984
양천구,37.53936005,126.8288651
양천구,37.53315735,126.8840866
양천구,37.5221405,126.8780594
양천구,37.51412201,126.860405
양천구,37.51174164,126.8738327
양천구,37.52164078,126.8655548
양천구,37.50922012,126.8371582
양천구,37.52624512,126.8657837
양천구,37.52653122,126.8644562
양천구,37.51097488,126.8698425
양천구,37.53642654,126.8334122
양천구,37.5236702,126.8756714
강서구,37.58161163,126.7985992
강서구,37.57364273,126.8118057
강서구,37.57710648,126.8119965
강서구,37.58162308,126.8126526
강서구,37.57303238,126.816452
강서구,37.56387329,126.8106079
강서구,37.56334686,126.8104858
강서구,37.56220245,126.816246
강서구,37.56698227,126.8218002
강서구,37.56857681,126.8247757
강서구,37.57312393,126.8223877
강서구,37.55819702,126.8442612
강서구,37.55746078,126.8614578
강서구,37.55425262,126.8675613
강서구,37.564785,126.8546448
강서구,37.55947876,126.8643799
강서구,37.56192398,126.8641663
강서구,37.55817795,126.8384552
강서구,37.55291367,126.8365707
강서구,37.54890823,126.8365631
강서구,37.54098129,126.8385468
강서구,37.54141235,126.8402252
강서구,37.542099,126.8402176
강서구,37.54275131,126.8426209
강서구,37.55110931,126.8637085
강서구,37.54653168,126.8625488
강서구,37.54478836,126.8619995
강서구,37.54126358,126.8633728
강서구,37.53650665,126.8633347
강서구,37.53139877,126.8636093
강서구,37.52906036,126.8484802
강서구,37.52891922,126.8480835
강서구,37.54146957,126.84478
강서구,37.56728363,126.8182755
강서구,37.56153107,126.8106995
강서구,37.56020737,126.8241425
강서구,37.55831146,126.8265228
강서구,37.55894852,126.8371735
강서구,37.56925964,126.8484192
강서구,37.55065918,126.8497696
강서구,37.56103516,126.8548126
강서구,37.56585312,126.8465958
강서구,37.56768036,126.8408966
강서구,37.54969406,126.819664
강서구,37.56267929,126.8204727
강서구,37.57049942,126.8200836
강서구,37.56844711,126.8216476
강서구,37.56256866,126.8424606
강서구,37.55350876,126.8258667
강서구,37.56029129,126.8187561
강서구,37.54719925,126.8744888
강서구,37.54917908,126.8687973
강서구,37.55004883,126.8731613
강서구,37.56124878,126.8605804
강서구,37.55673599,126.8530731
강서구,37.55661392,126.8511658
강서구,37.55437851,126.8575363
강서구,37.55010986,126.8236771
강서구,37.57247162,126.8061676
강서구,37.55746841,126.8297195
강서구,37.55104446,126.8184967
강서구,37.55687714,126.8488083
강서구,37.54832077,126.8534012
강서구,37.55644989,126.815979
강서구,37.56290054,126.8494721
강서구,37.55472946,126.8160934
강서구,37.55302048,126.818367
강서구,37.57138062,126.8283386
강서구,37.5605011,126.8266525
강서구,37.5602417,126.8271637
강서구,37.55545044,126.8268967
강서구,37.55947113,126.832077
강서구,37.56330109,126.8368225
강서구,37.56412888,126.8343124
강서구,37.56824112,126.8358307
강서구,37.5602417,126.8358078
강서구,37.56254959,126.8274383
강서구,37.54782104,126.8361282
강서구,37.57844925,126.7989731
강서구,37.56520081,126.8273163
강서구,37.56917953,126.8194427
강서구,37.54748535,126.8720245
강서구,37.55852127,126.8540115
강서구,37.57631683,126.8164978
강서구,37.57036972,126.8444138
강서구,37.56468201,126.8489075
강서구,37.56458664,126.8569183
강서구,37.57131958,126.8416672
강서구,37.53736115,126.8374481
강서구,37.53835678,126.8423615
강서구,37.54853439,126.8466721
강서구,37.56692505,126.8274383
강서구,37.57094193,126.8283157
강서구,37.56133652,126.8339005
강서구,37.55519104,126.8314667
강서구,37.56121063,126.8303452
강서구,37.55965805,126.8296051
강서구,37.56320572,126.8393631
강서구,37.56089401,126.8366928
강서구,37.56848526,126.8385696
강서구,37.56883621,126.8356323
강서구,37.5639267,126.8306427
강서구,37.56580353,126.8280792
강서구,37.56948471,126.8280945
강서구,37.55912781,126.8349533
강서구,37.55524063,126.8347168
강서구,37.5553093,126.8298569
강서구,37.5586319,126.8199158
강서구,37.56229401,126.8239517
강서구,37.53158951,126.8466415
강서구,37.55363083,126.8286133
강서구,37.57297516,126.8324432
강서구,37.55061722,126.8268814
강서구,37.55990601,126.8504257
강서구,37.57204437,126.8440018
강서구,37.56209183,126.8209686
강서구,37.5525589,126.8231125
강서구,37.55134964,126.8249359
강서구,37.56113434,126.8161011
강서구,37.5674057,126.8162155
강서구,37.56497574,126.8174057
강서구,37.56692886,126.8168411
강서구,37.56059265,126.8208466
강서구,37.5586319,126.8355942
강서구,37.55846024,126.8367615
강서구,37.5490303,126.8783646
강서구,37.55603027,126.864296
강서구,37.54555511,126.8444977
강서구,37.54457855,126.8437805
강서구,37.54382706,126.843689
강서구,37.54536819,126.8447037
강서구,37.5692482,126.8165054
강서구,37.56644058,126.844307
강서구,37.56557083,126.8462448
강서구,37.5675354,126.8051834
강서구,37.56179428,126.80793
강서구,37.54323959,126.8386307
강서구,37.55755234,126.8562546
강서구,37.58458328,126.8109207
강서구,37.57128906,126.8377762
강서구,37.57410049,126.8371124
강서구,37.57531738,126.8366699
강서구,37.55224609,126.8764877
강서구,37.54663849,126.8365784
강서구,37.57386398,126.8434753
강서구,37.5841713,126.8193283
강서구,37.55680466,126.8715591
강서구,37.56087875,126.8135452
강서구,37.54857254,126.8207626
강서구,37.55510712,126.8515472
강서구,37.55802917,126.841835
강서구,37.55713272,126.8631439
강서구,37.55688477,126.8092651
강서구,37.54739761,126.8214111
강서구,37.56719208,126.8347549
강서구,37.56108475,126.8167954
강서구,37.5606842,126.8191834
강서구,37.55737305,126.8233261
강서구,37.55974579,126.8243866
강서구,37.57108688,126.8075409
강서구,37.55905914,126.8270493
강서구,37.55932999,126.827179
강서구,37.55931091,126.8274383
강서구,37.5318222,126.8546219
강서구,37.55545425,126.8375168
강서구,37.56354141,126.8245544
강서구,37.57334137,126.8233185
강서구,37.56902695,126.8398819
강서구,37.56724548,126.8503876
강서구,37.55791473,126.8329773
강서구,37.55085754,126.8723373
강서구,37.5567627,126.8186951
강서구,37.56154633,126.8070831
강서구,37.54661942,126.8362351
강서구,37.55823517,126.8257599
강서구,37.5518837,126.8635712
강서구,37.549263,126.8167419
강서구,37.55221558,126.870224
강서구,37.56250763,126.8527527
강서구,37.56019592,126.8549118
강서구,37.56418228,126.8402786
강서구,37.56035995,126.8627625
강서구,37.57625198,126.8173447
강서구,37.55064774,126.8661652
강서구,37.56364822,126.8345413
강서구,37.56980896,126.8285751
강서구,37.55948639,126.8313141
강서구,37.52841187,126.8460388
구로구,37.50733185,126.8797302
구로구,37.51424026,126.8828735
구로구,37.50971985,126.8900986
구로구,37.48963165,126.8762589
구로구,37.49528503,126.8721619
구로구,37.49750519,126.8843765
구로구,37.48493958,126.9013214
구로구,37.48880005,126.8906631
구로구,37.49103165,126.8921509
구로구,37.49440384,126.8944473
구로구,37.49414062,126.8899841
구로구,37.50437927,126.888298
구로구,37.47874069,126.8950958
구로구,37.49988937,126.8676987
구로구,37.49946976,126.8684006
구로구,37.5038147,126.8519592
구로구,37.49768448,126.8537293
구로구,37.49499512,126.8582535
구로구,37.50170517,126.8472824
구로구,37.49428177,126.8592148
구로구,37.4860611,126.8520126
구로구,37.49367142,126.8437042
구로구,37.49279022,126.8245239
구로구,37.50311661,126.8803863
구로구,37.48070526,126.8389587
구로구,37.48210526,126.845726
구로구,37.48638535,126.8392105
구로구,37.48288345,126.9010391
구로구,37.51000977,126.8820496
구로구,37.49340057,126.8743286
구로구,37.49578094,126.8901215
구로구,37.49645615,126.8895874
구로구,37.50284958,126.8894806
구로구,37.50819397,126.891304
구로구,37.48160172,126.8927994
구로구,37.49789047,126.864502
구로구,37.49724197,126.8591232
구로구,37.49649811,126.8630981
구로구,37.5051384,126.8443375
구로구,37.49848175,126.8475037
구로구,37.50190353,126.8289642
구로구,37.49072266,126.8263931
구로구,37.48859787,126.8364945
구로구,37.50518036,126.8825378
구로구,37.49256516,126.8947525
구로구,37.48567963,126.8867035
구로구,37.48620987,126.8388214
구로구,37.4920311,126.8737717
구로구,37.47943115,126.8426971
구로구,37.50254822,126.8838806
구로구,37.49526596,126.8884735
구로구,37.49851608,126.8919907
구로구,37.48485947,126.8951874
구로구,37.49034119,126.8609314
구로구,37.50605011,126.8607864
구로구,37.49676132,126.8449631
구로구,37.4917984,126.8324204
구로구,37.48937988,126.834198
구로구,37.49699783,126.8717804
구로구,37.49539948,126.8710098
구로구,37.49856949,126.871521
구로구,37.49525833,126.830658
구로구,37.5123291,126.8868332
구로구,37.48437119,126.8954239
구로구,37.47737503,126.820015
구로구,37.48250961,126.8257599
구로구,37.48259735,126.8264542
구로구,37.48062897,126.8218155
구로구,37.48080826,126.821907
구로구,37.47790527,126.8231125
구로구,37.47793961,126.8232727
구로구,37.4798317,126.8227539
구로구,37.47937012,126.82547
구로구,37.47934341,126.8256378
구로구,37.47989655,126.8403702
구로구,37.48223877,126.8385315
구로구,37.48366547,126.8416138
구로구,37.49396515,126.8530426
구로구,37.50119019,126.863533
구로구,37.50452042,126.8705521
구로구,37.49981308,126.8743133
구로구,37.51006317,126.8895645
구로구,37.49545288,126.880394
구로구,37.48864746,126.8804703
구로구,37.47603607,126.8165894
구로구,37.47473145,126.817009
구로구,37.47819901,126.8248749
구로구,37.49267197,126.8416214
구로구,37.49385834,126.8564682
구로구,37.49333954,126.8591766
구로구,37.50862503,126.8835373
구로구,37.50096512,126.88237
구로구,37.50624084,126.8911438
구로구,37.50191498,126.8892441
구로구,37.47604752,126.8450165
구로구,37.48389053,126.8221817
구로구,37.48337555,126.8224793
구로구,37.50126266,126.891182
구로구,37.49382782,126.8390732
구로구,37.48859024,126.8247833
구로구,37.4949913,126.8418503
구로구,37.49539566,126.8576355
구로구,37.47715378,126.839859
구로구,37.50075531,126.8770828
구로구,37.49090958,126.8296509
구로구,37.50127029,126.8767853
구로구,37.50519562,126.8761902
구로구,37.49179459,126.8250046
금천구,37.46652985,126.8887177
금천구,37.48228836,126.8777695
금천구,37.48621368,126.8786392
금천구,37.47320938,126.8849411
금천구,37.47077942,126.8851547
금천구,37.47903061,126.8872986
금천구,37.47422028,126.8941269
금천구,37.44686127,126.9038315
금천구,37.45647812,126.8959274
금천구,37.4433403,126.9033585
금천구,37.45145798,126.9021149
금천구,37.45299149,126.9009094
금천구,37.4589119,126.8985901
금천구,37.46455002,126.883728
금천구,37.45470047,126.8910523
금천구,37.45684052,126.8883438
금천구,37.45672607,126.8930664
금천구,37.47531891,126.8988876
금천구,37.4691391,126.8972015
금천구,37.4702301,126.8950729
금천구,37.47249985,126.8979569
금천구,37.46654129,126.8902817
금천구,37.47908401,126.8790436
금천구,37.47706985,126.8844299
금천구,37.46740341,126.9081421
금천구,37.47743607,126.8861542
금천구,37.47555161,126.8884583
금천구,37.4769516,126.8918686
금천구,37.46257401,126.9068604
금천구,37.47709656,126.9111328
금천구,37.460289,126.892189
금천구,37.46017075,126.8960419
금천구,37.46093369,126.8871689
금천구,37.4762764,126.8853912
금천구,37.48135376,126.88694
금천구,37.48015976,126.8863678
금천구,37.48123169,126.881485
금천구,37.47248077,126.8958664
금천구,37.47817993,126.8974075
금천구,37.45132065,126.8976212
금천구,37.47840881,126.9073715
금천구,37.46055984,126.8870926
금천구,37.43727112,126.9026871
금천구,37.4679985,126.8868408
금천구,37.4369812,126.9032974
금천구,37.46134567,126.897583
금천구,37.46053696,126.8986054
금천구,37.45652008,126.8995514
금천구,37.45633316,126.8964539
금천구,37.45777893,126.8894272
금천구,37.48088837,126.8838043
금천구,37.44785309,126.9028854
금천구,37.45901871,126.8967133
금천구,37.47507095,126.9033585
금천구,37.46557617,126.8872452
금천구,37.45739746,126.8934174
금천구,37.45415115,126.9004517
금천구,37.46865845,126.898262
금천구,37.46709442,126.8892059
금천구,37.45191956,126.9137573
금천구,37.46222305,126.8918152
금천구,37.46239853,126.8917542
금천구,37.45894241,126.9059296
금천구,37.45838165,126.9080734
금천구,37.46272278,126.9072189
금천구,37.4632225,126.9035721
금천구,37.45936584,126.8867798
금천구,37.47739792,126.8887787
금천구,37.46628952,126.8973846
금천구,37.45703506,126.8943253
금천구,37.47636795,126.8808365
금천구,37.48017502,126.8768005
금천구,37.46139526,126.8900375
영등포구,37.52841568,126.9139175
영등포구,37.53123856,126.9213333
영등포구,37.52881622,126.92453
영등포구,37.5280571,126.9187012
영등포구,37.52816391,126.9170227
영등포구,37.52626419,126.9205093
영등포구,37.52466583,126.9180222
영등포구,37.52715683,126.9319
영등포구,37.52461243,126.9278336
영등포구,37.52222824,126.9246368
영등포구,37.5213623,126.9234619
영등포구,37.52190781,126.9189529
영등포구,37.5230217,126.9208374
영등포구,37.52483749,126.934906
영등포구,37.52207947,126.9303665
영등포구,37.52069473,126.9258347
영등포구,37.5193634,126.9260483
영등포구,37.52267456,126.9377899
영등포구,37.51943588,126.9375992
영등포구,37.51931381,126.9331665
영등포구,37.5200882,126.9323654
영등포구,37.51736832,126.9292526
영등포구,37.51776505,126.9284134
영등포구,37.54466629,126.8883591
영등포구,37.53845978,126.8945084
영등포구,37.53587341,126.8921814
영등포구,37.52463531,126.8962174
영등포구,37.52450562,126.8918228
영등포구,37.52565002,126.8878174
영등포구,37.52848816,126.8916473
영등포구,37.50046158,126.9058456
영등포구,37.50456619,126.9102325
영등포구,37.51615524,126.8946152
영등포구,37.52638626,126.9027557
영등포구,37.5258522,126.9032822
영등포구,37.51873779,126.8955765
영등포구,37.50501633,126.8985367
영등포구,37.51093292,126.9102249
영등포구,37.52708435,126.8913803
영등포구,37.53007889,126.9057083
영등포구,37.52826309,126.8966293
영등포구,37.53342056,126.9022369
영등포구,37.53105545,126.9242096
영등포구,37.52434921,126.9361191
영등포구,37.50764084,126.9230804
영등포구,37.50449371,126.9219513
영등포구,37.49982834,126.9199448
영등포구,37.5006485,126.9095154
영등포구,37.50380325,126.9034195
영등포구,37.50657272,126.9011307
영등포구,37.50947571,126.8992996
영등포구,37.51769257,126.914299
영등포구,37.51359177,126.9259338
영등포구,37.53365707,126.9121628
영등포구,37.51992798,126.889183
영등포구,37.51715088,126.8886261
영등포구,37.52193069,126.8916168
영등포구,37.52113342,126.8965378
영등포구,37.52029419,126.9011917
영등포구,37.53596115,126.8983002
영등포구,37.53471756,126.9000015
영등포구,37.52234268,126.9271011
영등포구,37.51896286,126.9216156
영등포구,37.53533936,126.9036789
영등포구,37.52222061,126.885582
영등포구,37.51828384,126.9126358
영등포구,37.52011871,126.9051666
영등포구,37.50793076,126.8952332
영등포구,37.51322937,126.9044647
영등포구,37.53210068,126.8944397
영등포구,37.49824142,126.8939819
영등포구,37.48752975,126.9048767
영등포구,37.52251816,126.9072189
영등포구,37.51821136,126.9022293
영등포구,37.49985886,126.8972397
영등포구,37.49457169,126.8997498
영등포구,37.52576828,126.9057388
영등포구,37.52809906,126.8933868
영등포구,37.49980927,126.8980026
영등포구,37.5315094,126.8978272
영등포구,37.51385117,126.89888
영등포구,37.51012039,126.904068
영등포구,37.52917099,126.9075775
영등포구,37.51481247,126.911705
영등포구,37.52630234,126.9053802
영등포구,37.52863693,126.912674
영등포구,37.52750778,126.914299
영등포구,37.53179169,126.9224548
영등포구,37.53073502,126.8991699
영등포구,37.52869034,126.903862
영등포구,37.50611496,126.8985901
영등포구,37.51124191,126.8981857
영등포구,37.5202179,126.882164
영등포구,37.51707077,126.899086
영등포구,37.5218277,126.8897247
영등포구,37.50438309,126.9080887
영등포구,37.50017166,126.9113083
영등포구,37.51202393,126.9010544
영등포구,37.52974319,126.9078293
영등포구,37.5148468,126.9077301
영등포구,37.50013733,126.9139786
영등포구,37.51933289,126.8953018
영등포구,37.52617645,126.9019775
영등포구,37.52762222,126.8986359
영등포구,37.49519348,126.900177
영등포구,37.51374817,126.8885117
영등포구,37.51288223,126.8902664
영등포구,37.50545502,126.9062653
영등포구,37.51756287,126.9169846
영등포구,37.53374481,126.8936539
영등포구,37.52572632,126.8860016
영등포구,37.51850891,126.9344864
영등포구,37.52070999,126.9396591
영등포구,37.51803589,126.9036484
영등포구,37.5038414,126.8961563
영등포구,37.49128342,126.90802
영등포구,37.51874924,126.9122086
영등포구,37.50508881,126.9133453
영등포구,37.51800156,126.8845978
영등포구,37.51470184,126.9121399
영등포구,37.52341461,126.9054031
영등포구,37.49582291,126.9083557
영등포구,37.50160599,126.91745
영등포구,37.50400543,126.9202805
영등포구,37.5325737,126.9140472
영등포구,37.52974701,126.9131699
영등포구,37.53050232,126.9128952
영등포구,37.53054047,126.9181747
영등포구,37.53214645,126.9174728
영등포구,37.52864075,126.9151077
영등포구,37.53271866,126.9179916
영등포구,37.52347946,126.9271164
영등포구,37.52410507,126.9281082
영등포구,37.52194977,126.8904953
영등포구,37.50601196,126.9158859
영등포구,37.51283264,126.9176331
영등포구,37.53972626,126.8903656
영등포구,37.52364349,126.8818359
영등포구,37.49484634,126.9002914
영등포구,37.50208282,126.8931885
영등포구,37.52915192,126.8944778
영등포구,37.5255661,126.8858414
영등포구,37.50300598,126.8938294
영등포구,37.52260971,126.9230118
영등포구,37.52508926,126.9240799
영등포구,37.52464294,126.9234238
영등포구,37.51382446,126.9209366
영등포구,37.51669312,126.9080734
영등포구,37.52539444,126.9304581
영등포구,37.51350021,126.9208679
영등포구,37.51319885,126.923523
영등포구,37.53363037,126.9014587
동작구,37.51284409,126.9524689
동작구,37.51335907,126.9480591
동작구,37.51293945,126.9342423
동작구,37.5093689,126.9280701
동작구,37.50007629,126.9210815
동작구,37.48836136,126.9062271
동작구,37.50585175,126.9393616
동작구,37.49985504,126.9295654
동작구,37.49964523,126.9270935
동작구,37.50449753,126.9389877
동작구,37.50217819,126.948204
동작구,37.50938034,126.9636154
동작구,37.50858688,126.9634933
동작구,37.50704193,126.9591522
동작구,37.48550797,126.9816208
동작구,37.48149109,126.9815826
동작구,37.47689056,126.9805756
동작구,37.4947052,126.9823914
동작구,37.50318909,126.97715
동작구,37.50318146,126.9760895
동작구,37.5063591,126.9690781
동작구,37.48683548,126.9680481
동작구,37.48907852,126.9735642
동작구,37.51324844,126.9399719
동작구,37.51054764,126.9448471
동작구,37.49449921,126.9165268
동작구,37.5008812,126.9417496
동작구,37.5135231,126.9435272
동작구,37.49707794,126.9177933
동작구,37.48463058,126.97155
동작구,37.50592804,126.9692307
동작구,37.48665237,126.9678421
동작구,37.50535583,126.9661789
동작구,37.51198959,126.9270859
동작구,37.48939896,126.9071121
동작구,37.49766922,126.9198685
동작구,37.48815918,126.9664764
동작구,37.4966011,126.953682
동작구,37.51391983,126.9430695
동작구,37.48886871,126.9719086
동작구,37.49651337,126.9148026
동작구,37.51357651,126.9555512
동작구,37.51193619,126.9541626
동작구,37.51083755,126.9616318
동작구,37.50667191,126.9577789
동작구,37.51213455,126.9254379
동작구,37.4846077,126.9817963
동작구,37.50470352,126.9607315
동작구,37.50456238,126.946785
동작구,37.50274277,126.9215775
동작구,37.48712158,126.9743576
동작구,37.50024796,126.9497299
동작구,37.4791069,126.9815064
동작구,37.48377991,126.9779205
동작구,37.48470306,126.9805908
동작구,37.50311279,126.9647141
동작구,37.50321198,126.9545975
동작구,37.49550629,126.9563751
동작구,37.49150085,126.9824066
동작구,37.50251389,126.9406509
동작구,37.50543213,126.9415131
동작구,37.51120377,126.9612808
동작구,37.50680542,126.9285049
동작구,37.50785828,126.9471359
동작구,37.48500824,126.9035034
동작구,37.49845505,126.9279785
동작구,37.49157715,126.9088135
동작구,37.50444412,126.9502564
동작구,37.51262665,126.9274139
동작구,37.50157547,126.9459076
동작구,37.49814987,126.9836883
동작구,37.49582291,126.9178162
동작구,37.49308014,126.9238357
동작구,37.50682831,126.9667358
관악구,37.48408508,126.9268875
관악구,37.4891777,126.9192734
관악구,37.47608948,126.9813309
관악구,37.48025131,126.9146042
관악구,37.47372818,126.9184036
관악구,37.4754715,126.9364548
관악구,37.48334122,126.9431992
관악구,37.48622513,126.9358292
관악구,37.48319244,126.9020309
관악구,37.48086929,126.9533157
관악구,37.4813385,126.9506455
관악구,37.4846611,126.9039002
관악구,37.47991562,126.9028397
관악구,37.48170471,126.9508286
관악구,37.48425674,126.9546967
관악구,37.47805786,126.960495
관악구,37.46488571,126.9194794
관악구,37.47916412,126.9525833
관악구,37.46905518,126.9581451
관악구,37.47198868,126.9584274
관악구,37.48440933,126.9289093
관악구,37.48450851,126.930069
관악구,37.48490143,126.9365311
관악구,37.4711647,126.9370194
관악구,37.47842789,126.9318619
관악구,37.47229385,126.9334106
관악구,37.4706955,126.9421997
관악구,37.47777557,126.9167557
관악구,37.48635864,126.9429245
관악구,37.47702789,126.9633942
관악구,37.48072052,126.9093247
관악구,37.47509003,126.9592285
관악구,37.48476791,126.9328766
관악구,37.47648239,126.9653625
관악구,37.47629547,126.9649582
관악구,37.48218918,126.942131
관악구,37.48152924,126.9120331
관악구,37.48154831,126.9520035
관악구,37.46940613,126.9445114
관악구,37.48974991,126.9274674
관악구,37.48856354,126.9284821
관악구,37.48730087,126.9287033
관악구,37.48899078,126.9163818
관악구,37.48712921,126.9130173
관악구,37.46709442,126.9493256
관악구,37.48218918,126.9461594
관악구,37.47182846,126.9339218
관악구,37.48949051,126.9459229
관악구,37.47046661,126.938652
관악구,37.4788208,126.95961
관악구,37.4867363,126.9475174
관악구,37.48275375,126.9414063
관악구,37.48368835,126.9391556
관악구,37.47068787,126.9364853
관악구,37.48464584,126.9345093
관악구,37.4833107,126.9390259
관악구,37.47946548,126.9569321
관악구,37.47877121,126.9586945
관악구,37.47677612,126.9648666
관악구,37.46214676,126.931778
관악구,37.4912262,126.9560776
관악구,37.47662735,126.9436417
관악구,37.48122025,126.9515762
관악구,37.48313141,126.9213562
관악구,37.47183609,126.9586182
관악구,37.46895981,126.9576569
관악구,37.48497391,126.934372
관악구,37.47288132,126.9600372
관악구,37.47888184,126.9584198
관악구,37.48675156,126.9227219
관악구,37.48163223,126.9471893
관악구,37.47752762,126.9627686
관악구,37.48204803,126.9152451
관악구,37.47639847,126.9768372
관악구,37.47909164,126.9494171
관악구,37.48857117,126.9213867
관악구,37.4722023,126.9339066
관악구,37.48506546,126.9554596
서초구,37.4532814,127.0514832
서초구,37.44893646,127.0543747
서초구,37.44765854,127.0550156
서초구,37.45375061,127.0593796
서초구,37.45435715,127.0621033
서초구,37.45440674,127.0649262
서초구,37.50509644,127.0131073
서초구,37.50263596,127.0123138
서초구,37.50065231,127.0186157
서초구,37.5022316,127.0022583
서초구,37.50411606,126.9974899
서초구,37.5017128,126.9954758
서초구,37.51304626,127.0059586
서초구,37.50619888,127.0039444
서초구,37.48561096,126.9946823
서초구,37.47806931,126.9820328
서초구,37.47261047,126.9830093
서초구,37.4737587,126.9952469
서초구,37.47518158,127.0013886
서초구,37.48905182,126.9925232
서초구,37.48976898,126.986763
서초구,37.48701096,126.9849625
서초구,37.4858284,126.9826279
서초구,37.49691391,127.0249634
서초구,37.49111176,127.0229569
서초구,37.48215866,127.0027008
서초구,37.48455811,127.0148697
서초구,37.49421692,127.0137863
서초구,37.48537827,127.0417023
서초구,37.48398972,127.0341797
서초구,37.48149109,127.0367279
서초구,37.47785187,127.0389099
서초구,37.47361374,127.03051
서초구,37.46920013,127.029007
서초구,37.46263885,127.026619
서초구,37.45995331,127.0247421
서초구,37.45623398,127.0193481
서초구,37.4557991,127.0162888
서초구,37.46750641,127.0344772
서초구,37.46332169,127.0360413
서초구,37.47016525,127.03862
서초구,37.46768951,127.0403595
서초구,37.46268845,127.0461121
서초구,37.47153854,127.0505905
서초구,37.51298904,127.0111771
서초구,37.5161972,127.0092087
서초구,37.47192764,127.0268402
서초구,37.48897171,126.9827194
서초구,37.49474335,126.9830627
서초구,37.49053955,127.0081635
서초구,37.50231934,127.0222702
서초구,37.51034927,127.0160523
서초구,37.44896698,127.0577393
서초구,37.48802185,126.9941177
서초구,37.4873085,127.010582
서초구,37.47782898,127.038269
서초구,37.46965027,127.0396118
서초구,37.46149445,127.0490723
서초구,37.47438812,127.0389023
서초구,37.51483917,127.0156021
서초구,37.49361801,127.014183
서초구,37.48416138,127.0109711
서초구,37.47597885,126.9862824
서초구,37.47720337,127.0058365
서초구,37.48652649,126.9891663
서초구,37.4681015,126.9868012
서초구,37.45742416,127.0226517
서초구,37.4585495,127.0558853
서초구,37.45561981,127.0671005
서초구,37.45560837,127.0644531
서초구,37.46429825,126.9885254
서초구,37.48479843,127.0369949
서초구,37.47590637,127.0462418
서초구,37.485672,127.0159226
서초구,37.50241089,127.0216064
서초구,37.48646927,127.0280609
서초구,37.45066071,127.0570602
서초구,37.49195099,127.0085526
서초구,37.50381088,127.0213623
서초구,37.51588058,127.0193024
서초구,37.49325943,127.0295334
서초구,37.47909164,126.9906769
서초구,37.48297882,127.0422592
서초구,37.49836349,126.9911499
서초구,37.48303986,127.0214615
서초구,37.48366165,126.9823227
서초구,37.50364304,127.0160217
서초구,37.49892807,127.0247269
서초구,37.45441818,127.052742
서초구,37.48768234,127.0247879
서초구,37.48731613,127.0248947
서초구,37.49100876,127.0235214
서초구,37.49619293,127.0210113
서초구,37.49556351,127.0191803
서초구,37.51019287,127.0072556
서초구,37.50735092,127.0080185
서초구,37.5056076,127.0021591
서초구,37.50478745,126.9999237
서초구,37.50296021,126.9935989
서초구,37.4937706,126.9900665
서초구,37.48991776,126.9920807
서초구,37.4977951,126.9870682
서초구,37.49420547,126.989357
서초구,37.47820282,127.0087814
서초구,37.48087692,127.0145264
서초구,37.50362396,126.9973221
서초구,37.45899582,127.0413208
서초구,37.48257065,127.036438
서초구,37.52026749,127.0152512
서초구,37.46540833,127.0437775
서초구,37.49905014,126.996254
서초구,37.43097687,127.0703354
서초구,37.50508881,127.0239105
서초구,37.49721146,127.0042725
서초구,37.51832199,127.0148087
서초구,37.50847626,127.0167618
서초구,37.45924759,127.0239029
서초구,37.46738434,127.0414581
서초구,37.47171783,127.038887
서초구,37.48339462,127.0073624
서초구,37.49801636,127.0222244
서초구,37.50150681,127.003479
서초구,37.50723267,127.0094528
서초구,37.4572258,127.0590057
서초구,37.46220779,127.0486755
서초구,37.50320435,127.0065308
서초구,37.49979782,126.9964676
서초구,37.45916748,127.0554428
서초구,37.48389053,127.0290527
서초구,37.50365829,127.0059433
서초구,37.47039795,127.0424118
서초구,37.48116684,126.9975891
서초구,37.46559143,127.021843
서초구,37.47901154,127.0414429
서초구,37.45199966,127.0539169
서초구,37.45429993,127.0428314
서초구,37.50209427,126.9914703
서초구,37.4928894,127.0026474
서초구,37.48573685,127.0331574
서초구,37.49817276,126.9844818
서초구,37.48285294,127.0059738
서초구,37.4801178,127.0218048
서초구,37.4797554,127.0198517
서초구,37.473423,126.9977722
서초구,37.47691727,127.0061112
강남구,37.52407074,127.0217895
강남구,37.5055809,127.0242767
강남구,37.51137161,127.0214615
강남구,37.5116272,127.0356522
강남구,37.52064133,127.0345078
강남구,37.5271225,127.028717
강남구,37.52838135,127.0390167
강남구,37.52930069,127.0355988
강남구,37.51890182,127.0493851
강남구,37.52361298,127.0401764
강남구,37.51777267,127.0430222
강남구,37.52058029,127.0563278
강남구,37.52511597,127.0524674
강남구,37.52127457,127.0610352
강남구,37.51424789,127.0611191
강남구,37.50957489,127.0634079
강남구,37.51588821,127.0662003
강남구,37.51357651,127.0550308
강남구,37.50660706,127.0546799
강남구,37.4919281,127.0569687
강남구,37.49611664,127.0694427
강남구,37.50809097,127.0631027
강남구,37.50221252,127.0672073
강남구,37.50043869,127.0662231
강남구,37.4986496,127.0593185
강남구,37.50239563,127.0587997
강남구,37.49055099,127.0314636
강남구,37.50321198,127.0427322
강남구,37.50235748,127.04319
강남구,37.49219894,127.0394592
강남구,37.49805069,127.0446014
강남구,37.50400925,127.0490799
강남구,37.48515701,127.0340729
강남구,37.49375916,127.0458984
강남구,37.48676682,127.0467606
강남구,37.49423599,127.0474625
강남구,37.49207687,127.0719757
강남구,37.48326111,127.0522995
강남구,37.47750854,127.0451737
강남구,37.4833107,127.0849381
강남구,37.49400711,127.0795136
강남구,37.46531677,127.107727
강남구,37.46506119,127.1011963
강남구,37.51863861,127.0354004
강남구,37.50723267,127.0568543
강남구,37.50154495,127.0385666
강남구,37.49482346,127.047905
강남구,37.48387909,127.0890274
강남구,37.51758957,127.0350266
강남구,37.51681137,127.0404739
강남구,37.51978683,127.0567627
강남구,37.50912094,127.0623093
강남구,37.51807022,127.0471191
강남구,37.50194931,127.0427704
강남구,37.48138428,127.0539169
강남구,37.47560501,127.0503769
강남구,37.4928093,127.0413895
강남구,37.51763535,127.0224533
강남구,37.51913834,127.0275192
강남구,37.52124023,127.0318985
강남구,37.52330017,127.038475
강남구,37.48934174,127.0412979
강남구,37.50542831,127.0528717
강남구,37.49655151,127.0542984
강남구,37.51474762,127.0351334
강남구,37.49449921,127.063797
강남구,37.48927689,127.0655747
강남구,37.48735046,127.1009979
강남구,37.48677826,127.1005173
강남구,37.48735046,127.1023254
강남구,37.51169586,127.0493469
강남구,37.50636673,127.034523
강남구,37.50134277,127.0504684
강남구,37.46632767,127.0948868
강남구,37.47602844,127.1059418
강남구,37.51395035,127.0301514
강남구,37.50958633,127.0409088
강남구,37.47245407,127.096077
강남구,37.51678467,127.0516129
강남구,37.48616028,127.0672379
강남구,37.48088074,127.0630417
강남구,37.47598648,127.0596237
강남구,37.47447205,127.0554504
강남구,37.47200012,127.0513382
강남구,37.48029709,127.0542603
강남구,37.47929001,127.0557327
강남구,37.48574066,127.0510483
강남구,37.50811005,127.0394516
강남구,37.48656082,127.0826721
강남구,37.48871994,127.0745392
강남구,37.49180984,127.0731583
강남구,37.51871109,127.0508499
강남구,37.5175705,127.0236435
강남구,37.49847031,127.0301132
강남구,37.4773407,127.1132736
강남구,37.49206161,127.0307465
강남구,37.49959946,127.0337524
강남구,37.47296906,127.1122284
강남구,37.49170303,127.0882263
강남구,37.49095917,127.0549851
강남구,37.48897171,127.0518265
강남구,37.49667358,127.0534287
강남구,37.4958992,127.0521927
강남구,37.50799942,127.0452499
강남구,37.51393509,127.0598221
강남구,37.51430893,127.0597
강남구,37.49689484,127.070137
강남구,37.504673,127.025795
강남구,37.48416901,127.0948486
강남구,37.4908371,127.0806503
강남구,37.46461868,127.1068497
강남구,37.46829605,127.1046982
강남구,37.48485184,127.0583725
강남구,37.48236847,127.0611877
강남구,37.52745438,127.0404282
강남구,37.50024414,127.0360565
강남구,37.49411774,127.0629044
강남구,37.5082016,127.0639648
강남구,37.51311111,127.0539093
강남구,37.51390839,127.06073
강남구,37.52422714,127.02285
강남구,37.48536682,127.0384979
강남구,37.46534729,127.1088028
강남구,37.47123337,127.1072159
강남구,37.46726227,127.0980148
강남구,37.49840164,127.060936
강남구,37.51446152,127.0326004
강남구,37.49526215,127.0495071
강남구,37.47364044,127.1070252
강남구,37.51925659,127.0515976
강남구,37.50286484,127.0659409
강남구,37.49986649,127.0605011
강남구,37.49587631,127.0865021
강남구,37.49017715,127.0730591
강남구,37.53075027,127.0416031
강남구,37.49229431,127.0943375
강남구,37.49500275,127.0329437
강남구,37.52416229,127.0489502
강남구,37.47685623,127.0553665
강남구,37.47402191,127.0484467
강남구,37.51264191,127.0515671
강남구,37.46072388,127.1028748
강남구,37.52796173,127.0516281
강남구,37.4909668,127.0883637
강남구,37.49370575,127.0799942
강남구,37.47092819,127.0897064
강남구,37.47267914,127.1037598
강남구,37.48276138,127.0804215
강남구,37.5097847,127.0427704
강남구,37.48642349,127.0593185
강남구,37.48670578,127.0605011
강남구,37.48607635,127.0592194
강남구,37.48929596,127.0661697
강남구,37.50687408,127.0647354
강남구,37.49524307,127.0393753
강남구,37.51916885,127.0189743
강남구,37.50971985,127.0667954
강남구,37.50767136,127.060173
강남구,37.5257225,127.0258865
강남구,37.52210999,127.0364609
강남구,37.50570297,127.0291977
강남구,37.49107361,127.0361939
강남구,37.51292038,127.056427
강남구,37.50999069,127.0584717
강남구,37.49775314,127.0385742
강남구,37.51973724,127.0576782
강남구,37.49404526,127.0867844
강남구,37.48661041,127.0455093
강남구,37.49665833,127.0693817
송파구,37.49317932,127.1185455
송파구,37.49372864,127.1206207
송파구,37.49334335,127.1447296
송파구,37.51042938,127.071373
송파구,37.51128006,127.0782394
송파구,37.49975586,127.152504
송파구,37.52974701,127.1199646
송파구,37.52045059,127.1042023
송파구,37.51312637,127.1009598
송파구,37.49941254,127.1128693
송파구,37.50831985,127.1332169
송파구,37.50259399,127.1276474
송파구,37.51657104,127.1315384
송파구,37.47930527,127.1297989
송파구,37.50896835,127.1258392
송파구,37.50569153,127.0840378
송파구,37.50419998,127.087532
송파구,37.51198196,127.0850525
송파구,37.51216888,127.0789337
송파구,37.52007675,127.1123657
송파구,37.49312592,127.1438217
송파구,37.49769974,127.1462021
송파구,37.49068832,127.1431274
송파구,37.49567032,127.1305924
송파구,37.51408768,127.0990295
송파구,37.51208878,127.0961914
송파구,37.51050949,127.0933685
송파구,37.50887299,127.0871658
송파구,37.48084259,127.1180115
송파구,37.48057556,127.1185684
송파구,37.48123932,127.1197968
송파구,37.48163223,127.1191635
송파구,37.4845314,127.120163
송파구,37.48153687,127.1221237
송파구,37.47946548,127.1253281
송파구,37.47750854,127.1263275
송파구,37.4788208,127.1235123
송파구,37.51396179,127.1216736
송파구,37.50546265,127.0773468
송파구,37.48987198,127.1108398
송파구,37.50593185,127.1077499
송파구,37.50165176,127.1281815
송파구,37.49113083,127.1258087
송파구,37.49209976,127.1177521
송파구,37.49319839,127.1289978
송파구,37.50898361,127.1265945
송파구,37.50630188,127.1213989
송파구,37.50580215,127.1097183
송파구,37.48054123,127.1370163
송파구,37.53858185,127.1228027
송파구,37.48598862,127.1247635
송파구,37.47880936,127.1200028
송파구,37.51424026,127.1230698
송파구,37.51728821,127.1141968
송파구,37.51194382,127.091217
송파구,37.49998474,127.1353912
송파구,37.53284836,127.121048
송파구,37.50458908,127.1393662
송파구,37.50375748,127.1370926
송파구,37.51579666,127.1068192
송파구,37.49751663,127.1546783
송파구,37.49565887,127.1571732
송파구,37.49987411,127.1414795
송파구,37.50541306,127.131691
송파구,37.4774704,127.1445923
송파구,37.47437668,127.1406708
송파구,37.47753143,127.1415176
송파구,37.48799896,127.1310883
송파구,37.53147125,127.1110916
송파구,37.47458267,127.1375427
송파구,37.52193832,127.1318665
송파구,37.50656128,127.0965576
송파구,37.51396179,127.1003037
송파구,37.50867844,127.1034317
송파구,37.50920105,127.1041183
송파구,37.51987839,127.1367111
송파구,37.50693893,127.1392212
송파구,37.5067482,127.0988312
송파구,37.48095322,127.1301041
송파구,37.53131104,127.1112824
송파구,37.47129822,127.1270905
송파구,37.48173904,127.1432266
송파구,37.5150528,127.1062698
송파구,37.52048874,127.1352005
송파구,37.53641891,127.1161652
송파구,37.48871994,127.1098251
송파구,37.51678085,127.0904923
송파구,37.50186157,127.1172333
송파구,37.48834991,127.1207809
송파구,37.49704742,127.1403503
송파구,37.49618149,127.138031
송파구,37.50471115,127.0875626
송파구,37.50233841,127.0964432
송파구,37.50997925,127.1123123
송파구,37.51665878,127.1162567
송파구,37.51625824,127.1305924
송파구,37.50362396,127.1035538
송파구,37.4955368,127.1072006
송파구,37.49569321,127.1238556
송파구,37.4911232,127.135109
송파구,37.48669815,127.1224442
송파구,37.50786591,127.1169891
송파구,37.49741364,127.0963058
송파구,37.50264359,127.0973969
송파구,37.47817993,127.1471024
송파구,37.477211,127.1371765
송파구,37.51129532,127.0867386
송파구,37.51146317,127.0788117
송파구,37.50550461,127.106575
송파구,37.50004959,127.1115112
송파구,37.50149536,127.1477814
송파구,37.52515793,127.1169434
송파구,37.50166702,127.1377411
송파구,37.51621246,127.084343
송파구,37.50775909,127.0912933
송파구,37.51156998,127.1010742
송파구,37.49469757,127.1046448
송파구,37.50544357,127.1323319
송파구,37.47854996,127.1381378
송파구,37.49577332,127.1245804
송파구,37.50883102,127.1342621
송파구,37.51202011,127.1286469
송파구,37.50997543,127.1336975
송파구,37.50057983,127.1188431
송파구,37.52480316,127.1146393
송파구,37.47916031,127.1321945
송파구,37.49535751,127.1156921
송파구,37.49416733,127.1045303
송파구,37.49917603,127.1258926
송파구,37.48807144,127.1186371
송파구,37.50585175,127.1219406
송파구,37.50223541,127.1172867
송파구,37.50801468,127.125946
송파구,37.52357483,127.1280441
송파구,37.48245621,127.1246033
송파구,37.48488998,127.1327057
송파구,37.49650955,127.1103287
송파구,37.50226974,127.1219559
송파구,37.49198532,127.1437302
송파구,37.49763107,127.159668
송파구,37.49808884,127.1542969
송파구,37.49146652,127.1266403
송파구,37.48174286,127.1287842
송파구,37.4861145,127.1266708
송파구,37.48827362,127.1306839
송파구,37.49201584,127.1174545
송파구,37.52397537,127.1275101
송파구,37.51632309,127.084343
송파구,37.51633835,127.0998535
송파구,37.52080917,127.1036224
송파구,37.51988602,127.1043396
송파구,37.51613998,127.103508
송파구,37.48051071,127.128624
송파구,37.4777832,127.1320572
송파구,37.47953415,127.1267853
송파구,37.49900436,127.1469421
송파구,37.51921082,127.1079407
송파구,37.50679016,127.0792694
송파구,37.49236679,127.1365509
송파구,37.52865219,127.1086655
송파구,37.47600174,127.1231003
송파구,37.492733,127.1179886
송파구,37.48933029,127.1460495
송파구,37.5202179,127.1145706
송파구,37.51275635,127.126297
송파구,37.47434616,127.1432648
송파구,37.48687744,127.1526947
송파구,37.4745636,127.136795
송파구,37.52478027,127.1091309
송파구,37.52148438,127.1002808
송파구,37.52301788,127.1158829
송파구,37.5164032,127.0776138
송파구,37.50205612,127.1105499
송파구,37.51647949,127.1149826
송파구,37.5000267,127.1184311
송파구,37.50717163,127.1012421
송파구,37.5170784,127.1123276
송파구,37.51072693,127.1304016
송파구,37.51629639,127.08461
송파구,37.49806213,127.134613
송파구,37.49827194,127.1348648
송파구,37.50117111,127.0851669
송파구,37.4826355,127.1399231
송파구,37.50291443,127.0925369
송파구,37.49222183,127.1565933
송파구,37.48995972,127.1119614
송파구,37.49535751,127.139473
송파구,37.48868561,127.1522675
송파구,37.48714828,127.1532822
송파구,37.48352432,127.1168366
송파구,37.47709656,127.123703
송파구,37.49793243,127.096756
송파구,37.48633575,127.1137466
송파구,37.51869202,127.139061
송파구,37.49459076,127.1510925
송파구,37.48455429,127.1491928
송파구,37.52597046,127.1182098
송파구,37.48639297,127.1148377
송파구,37.48641586,127.1420593
송파구,37.48688889,127.1416931
송파구,37.51633453,127.0938034
송파구,37.52471542,127.1174393
송파구,37.53488159,127.1152268
송파구,37.48294449,127.1404419
송파구,37.52765274,127.1193008
송파구,37.52618027,127.1167603
송파구,37.51064301,127.1316757
송파구,37.53913879,127.1216202
송파구,37.49755478,127.1149445
송파구,37.51919556,127.1326218
송파구,37.51795959,127.1317825
송파구,37.50301743,127.0921402
송파구,37.48693085,127.1536484
송파구,37.48483276,127.1499176
강동구,37.54179382,127.1247482
강동구,37.5452652,127.1259384
강동구,37.54395676,127.1254883
강동구,37.55332947,127.1288681
강동구,37.55486679,127.1427994
강동구,37.55955887,127.1308746
강동구,37.54957581,127.127182
강동구,37.53866577,127.1242447
강동구,37.53450775,127.1384049
강동구,37.53474426,127.1352844
강동구,37.53600693,127.1227264
강동구,37.53071594,127.1209869
강동구,37.55003738,127.1469116
강동구,37.55939865,127.1711807
강동구,37.53544617,127.1451874
강동구,37.52458954,127.1354218
강동구,37.52679443,127.1300583
강동구,37.52825165,127.1268005
강동구,37.56427383,127.1739731
강동구,37.53377914,127.1379929
강동구,37.54998398,127.1747055
강동구,37.52929688,127.1231537
강동구,37.54684067,127.1725159
강동구,37.54653549,127.155838
강동구,37.53596115,127.1478195
강동구,37.53310776,127.1227722
강동구,37.53655624,127.1255341
강동구,37.52703094,127.1220627
강동구,37.55582047,127.1299133
강동구,37.55672836,127.136261
강동구,37.55793381,127.1447678
강동구,37.5618782,127.1507874
강동구,37.55509567,127.1552811
강동구,37.55199051,127.1533127
강동구,37.56256485,127.1776123
강동구,37.56863785,127.1748047
강동구,37.56129837,127.1678467
강동구,37.55916214,127.1533203
강동구,37.5685463,127.1770096
강동구,37.54540634,127.1426773
강동구,37.53647232,127.1371536
강동구,37.53099442,127.1423721
강동구,37.561203,127.1802673
강동구,37.52678299,127.1355743
강동구,37.55483627,127.1373215
강동구,37.55644989,127.1568222
강동구,37.56254578,127.1644821
강동구,37.56002808,127.1696777
강동구,37.56335449,127.1790543
강동구,37.55580902,127.1737442
강동구,37.55348206,127.1650543
강동구,37.53822708,127.1317444
강동구,37.5446701,127.1326752
강동구,37.54689789,127.1346664
강동구,37.5510788,127.1625977
강동구,37.56379318,127.1328354
강동구,37.55666351,127.1427383
강동구,37.52779388,127.147644
강동구,37.53120804,127.1492691
강동구,37.5377655,127.1520157
강동구,37.54903412,127.1560516
강동구,37.5536499,127.1562271
강동구,37.55305481,127.1568832
강동구,37.55570221,127.1579208
강동구,37.55568695,127.1599121
강동구,37.55486298,127.1537247
강동구,37.54114532,127.1410523
강동구,37.54683685,127.1491623
강동구,37.54136276,127.1371841
강동구,37.5398941,127.141037
강동구,37.53620529,127.1325607
강동구,37.52197647,127.1336212
강동구,37.56184387,127.170845
강동구,37.5368309,127.128418
강동구,37.53699875,127.1295319
강동구,37.52956009,127.1490097
강동구,37.56036758,127.1565933
강동구,37.5239296,127.1291275
강동구,37.55456924,127.145874
강동구,37.55059814,127.1454544
강동구,37.52812195,127.1195221
강동구,37.56060028,127.146698
강동구,37.5567894,127.1661453
강동구,37.54074097,127.1257629
강동구,37.5546875,127.1394043
강동구,37.55464554,127.1425324
강동구,37.55483246,127.1517334
강동구,37.55845642,127.1441574
강동구,37.52958679,127.1370316
강동구,37.52726364,127.142334
강동구,37.55058289,127.1654205
강동구,37.53407288,127.1450043
강동구,37.54883575,127.1561737
강동구,37.57201385,127.1717072
강동구,37.57201767,127.1729507
강동구,37.53137589,127.1270752
강동구,37.52920532,127.1368027
강동구,37.56066513,127.1612854
강동구,37.57095337,127.1717453
강동구,37.57073975,127.1721573
강동구,37.57180405,127.174469
강동구,37.55736542,127.1801376
강동구,37.56953812,127.1585999
강동구,37.53541565,127.1330948
강동구,37.53676987,127.1395493
강동구,37.54154587,127.1414795
강동구,37.5437088,127.1422806
강동구,37.55361176,127.1720352
강동구,37.55212402,127.1806412
강동구,37.55885696,127.1514893
강동구,37.54581833,127.1668854
강동구,37.55740356,127.1765366
강동구,37.55707169,127.1751404
강동구,37.52722931,127.1363525
강동구,37.51960373,127.13871
강동구,37.55302811,127.1807556
강동구,37.55142593,127.1442108
강동구,37.55655289,127.1658783
강동구,37.54816437,127.1225738
강동구,37.5232811,127.1461334
강동구,37.547966,127.1351624
